rapatel;nLC>Rr`3_%X\R<.9/'yvU^D)\k$@htoO(
ankhan;ybGhyaKMeX!mY
chpatel-2;j4Il-sWe4ter-FRAi!-gL!sten!ng-f@Nt4STic
osmitchell;m1lk-SWEateR-InnOCenT-FlOCk-SP3LL
jeali;X4oofDK3uxaDp
abjones;wai!-pAIL-cred!t-1@Ck@da1sicAl-stAMp
niali;wcGLkQzNVhr!q
elkhan;INconcLusive-R!ghtfu!-cLean-PIgS-p!Ug
cajohnson-2;@FQD4WxSyDI!G
user-aljackson;ZDqtNoROsXO0n
altaylor;H(/PfW1JUmS\[P)1x!$y&bhpPpD]*dq@
pi-esjackson;p0S1TIOn-FU1L-c@1CuL4T3-QU1Lt-pRotecT1vE
brroberts-2;TACKy-L1tt!3-P@RAll3L-G@PiNg-suDDEn
jokhan;DugvHwdKzqmKm
casmith;)6u5:x<,3W3ew>frAg_?rSL30/pI^$iI
cataylor-2;NYJANH*jQ4OJN
lodavies-2;sm*PIrmUND10x
masmith-2;FAK3ACc0UnT
dawilliams;"I!%%hL""Jn04dqWirG1[9vTQ""4bEACs2Qy"
shpatel-2;@pNKDPcnIFIHx
amroberts;t1t13-wOODEN-r3@!-fAir-preV!ouS
lijohnson;EDuC4T3-F!sH-gRE3dY-d1RTy-Sn0R3
jathomas;D!uE-EyeD-giddy-1IV1Ng-!NFamOus-orgAnic
hosmith;ewEDbLoFWHTzH
azureuser-0;MJCCDD!t*xcyg
jelewis;shUt-Fl4wLeSS-D!s@grEe-stReEt-D@sE
stjames;1MeoNbSDAQxuH
dasmith-2;!HdzgdHDCTMdR
grjackson;"9c\w2U""=n@/U7C*b>r=&Rirct5(?B6d#Y"
rethomas;6ihgzJ`pm)87-WGz3SlRTFhqp3<n,&8,9
jewilliams;P3tiTe-b31L-RiCE-MoUNt@!NOuS-rinG
virodraguez;"v:eI$VI)Cg[P4C$HKeFsJISG`)?5Eq6G"""
sasmith;JDMKP1feDXNLb
caclarke;Jcq?&KLPn_)nB9/>s8XjkX]fse@hHH/\@
padavis;xyqB=NN`tkj='D>$cD4<!c2)by=4/`l#2
grpatel;PwLr4dGwGg!OH
alwilson-2;M@rRy-P14neS-sE1F!sH-kiNdh34RtED-DuCkEt
ruphillips;rObst1G1otPgX
guest-dodavis;pxYyHhk3QF@3t
shbrown-3;"(P""bd<,9)L25F!f**yG<UE-lvr+QbF?E6"
wapatel;skwfDTDCTVDLF
mawilliams-4;3TgKLDgULWklr
cathomas;"8BOI/u7P2pYMH-yMa(20gKy1_S""e/sPUf"
vagrant-cokhan;TV1GbmUrqdCcQ
ahpatel;=91Ke8)(+ZtpL_+0UX$-<tGFcxBV@`Pg/
shkhan;yFpdDRHDT*cID
carodraguez;"ruhU<a\EDx?N3H$anl@[]:JOM/&:(O!""i"
majames-3;!Ub!@aGRprkeR
tophillips;roTTEn-delirIous-PHoNE-SUDtraCT-suMMEr
lojones;aMsgw1C3qZlQo
vecox;D1fF!Cult-OPpoSite-sL0PE-sCO1D-mug
tawilliams;TH!S1SnoTAHOnEyT0KENcRSgohMC
majohnson-4;CuYcakFYygwcO
frjackson;sCQSTH!uwAunG
majackson;B^F+b<14&4R$04AeL/mjTr`j']Yziun.
dopatel;DQSujtPsHThKC
dewilliams;"@""\z-L6UC>Y\Z%zCw[<NHk%*5c1q)z\e"
flphillips;hxfXyurWAoPcG
lodavies;YHRHRyleatciU
dajames-2;AnNoY-dOcTOR-Us3D-R314X-mIsCREAnT
radavies;0DSCENE-AGOn1Z1Ng-cU1tURED-uN3qUal-punCH
crmitchell;REfL3cT1VE-s1Nk-am4ZinG-CRO0K-SERvanT
brphillips;4NwB9hl6M^*Ql3gp6_!(,qw.8a.(+eU5
cijohnson;zHWGEkKTUTpNf
lowilliams;xbGJCdfMFkscF
rewilson;XxlA1F!1!JSJC
rephillips;SN1Ff-V4GAbond-b1OT-r3ScUe-douDle
mawilson;hjFjzbWUDNYk!
anphillips-3;sXxeFRopyssjr
shthomas;CHE4T-WE!GH-fETch-d0!ls-3l@tEd
rarodraguez-2;SCR3Am-ScReECH1Ng-HOSpIt4b13-cook-m0M
chbrown;HypNOt1c-HuSkY-Ar0m4TiC-Soup-DlINd
alkhan;cKNJD3yFqfnM0
anwilson;hE4Vy-StreNgtHEN-spEC1aL-pROb4ble-afTermATH
declarke;4*gMjcJst3NDR
dawilliams-2;!RjefzwWakScS
admin-tothomas;Gu%-cp2\'+kpPN+Emw[QEr&]61n*ur__
fapatel;7z3J^z,ROgPFjlXAff4wQ&BO38L466ilB
derose;O0GxPprcILzAN
tralexander;pm3DmWVHgCcMk
elbrown;PJNePorFvKTMs
kelewis-2;DXtmL&^BD1N1%-!:UzP1Zt+bi&P%i>9LL
atrodraguez;F4DULoUs-F!R3maN-dUSt-bR33Zy-0Dtain
igroberts;[`d[Mj/-cK0`NX?fBwtaz99-^vndUg#V)
nithomas;_TqwmIM)`W<@5oBmSUBHR@5hA3'TVsWx<
kedavis-2;@Gr33mENt-wir3-oCeAnIC-resT-PO!!UT!0n
chsmith-2;PSeR1*p1CFZhY
kodavis;yzygCV1OKgkWS
lakhan-2;RvsKjkkOGufmc
blmitchell;DlUsH-TeASe-regret-tRITE-jeaNS
badavis;2utdbhlx^<VR8_vUwT1a!Enf1*cle!dM'
lyjames;cuWFD@ZJJDsNK
iskhan;UNWIvKokdwCjs
anthomas;TcDdHmr3L3vfw
pasmith;F4ke@CcOuNT
jiroberts;f@kEacCoUNt
isphillips;%1WPd(B.9YLYk@d`ADREVD22[d`P]M*8
recox-2;zNLNnhy3oXW3Z
bataylor;WheEL-wr3CK-4NTs-gOdly-NUTRiTiOUs
dodavies-2;%UUOzvztO_N+vBu87wKX)KaE%mr.tz8
anpatel;wOrP3pmJaONsz
ripatel;RCqqD!TjfMCHZ
trpatel;oD3cRFdMHPFKd
irroberts-2;R3ad-THE-hon3yT0KEN-dOCCMG*jEnwFIU
jawilson;pHgJkigCkNHuZ
recox;QJ169_*ek8)92W^-JJnJ](-j8))@>X3X
bralexander-2;F@K3@Dm1n12
pawilson;s1FkDb0QPgRSH
shmitchell;MuEeAdH@tCQKg
shjones-2;N3ck-aN1maTEd-D1VErgent-HAng1Ng-ODt4In@Dle
flkhan;a#'YUcGlu'IJ9C=llH=9EhI2m`]WY=-(
sojohnson;sQF&B&@hn3DR3A>kwt+T_7?=CbgF`x+nA
tephillips;@AcW@wYWUmVw4
admin-romason;vKfUMFwlMffDU
laali;1fIbEQlRMRsIL
emjones;ry1hDFvtFp30K
drkhan;MO0R-h!ST0R1C4L-r31igi0N-tErr1D1e-bouncE
dedavies-2;"DZ@%Jbbd8p@3G,wD-Cm(hFkq""Q36N_=62"
cokhan;y)rrq9&b%OuTNAO?GpKY&6jIw:XQ(EvW
adclarke;YcUJQGiowqNaH
admin-jejames;"<$K`w%1#.""qcrC)4`s-:E\EajheC%Va6O"
lawilliams;&&\DhuQacOFwpa\jR,NLua@M,W%v8)_T
arali;1rriT@ting-c0MPlEt3-sootHe-m0aN!ng-stRENGtH3N
cosmith-2;dUh-6kV92xd6Z!+?)7Y+IMOu%Co.sn@R4
tepatel;AqofEtFA!Nfw!
gljackson;ekmYXfVQLdDUM
cljones;fteDz!rpsjrWH
ansible-kialexander;!L1-fated-Y13!DiNg-nAPPY-@nnoyeD-!igHT
maali-2;-*_'@%GD_aVb<QzX.JKU88ZPdcr%f+qOI
bemitchell;DgFNasfVx4Sz4
shsmith;ikFP4Yb1udrRU
beroberts;f3ZrNjnNwduWT
azureuser-66;EfuDcakAgQNY1
gedavis;AEz6z:xZ^7@$,c@0W(WB8]$tooc5E?5+
brali;tKJ1mYgOicHoH
trrose;0scnZHm3*vcH0
elsmith;AaprqMPSdrQfR
lerodraguez;t34ChING-InCre@SE-MaRrY-d01!-S!Z3
pacox;yMreGJWskbNGe
lucox;HDjTRLxWTHRKN
cataylor-3;w1ndOW-riCe-1nV3Nt-DepEnDENT-MeEk
kumason;NSJ\!$<EN?!V=AVo'-lYI>prf_<F1[SC
shdavis;MRUg<!ttuWqm#`&$OUL=gA7PJbC^@pR6r
anwilliams;UDmrPYTih0pdp
demason;YDDotQNnVvyDk
daclarke;CHANg3-e*Amp13-4DJOiN1nG-prEpaR3-SnOr3
codavies;tOp-Nin3-suggest-C3rT4IN-@wfUl
aljames;h0S3-sAV0rY-bOrDER-bL3SS-1eg
elalexander;!UnCHro0m-faCT-PED41-Ap01OG!SE-cHiCkEn
kamitchell-2;MvRQ%`>mk*w9AO<n=zF-1<tLfJy++Ecf-
test-79;THiSIsN0tah0neYt0kENsTZDYsv0
grroberts-2;(u&D>PDNO/[ay-5i'5*3,.17!oq>jn,_
brjohnson;Y3OvWzqDESHAt
test-anclarke;HonEypASSW0rdp
nataylor;G1DQYyfz1*dYl
cukhan;c1ahjC4z0yhSw
sakhan;tmozSuWSU3DvY
krmitchell-2;ShiP-P!pe-M1N0R-jo!N-F1Uffy
cadavis;NeEd-DR@C0N1aN-H0spiT4bl3-zInc-D3!I3f
kejohnson;raDbiTS-f3tCh-W0Rm-GAz3-DuSH3S
lemitchell;DSmspCWAUi3Kf
amkhan;pKUYFtMgsTyde
kethomas;bHvlXgE*kLRjI
yvkhan;OZPjIPwNhSjrf
jacox;3OtdXMDf1TTNN
raclarke;moaukeDtdNCau
ancox;gir!s-cO10Ur-G!FT3D-b@by-p1nK
ruphillips-2;DonE-SyMpT0m4TiC-str3aM-SpooKY-FeARLESs
adpatel;vXKAWaggv1GkM
jealexander;1!3-ReM1Nd-UnknoWn-RElAt!ON-AcCUrAtE
keali;9yuq8Z>1U1^yf(\A_q`.\8w`(qo&O1U5q
mysql-sajackson;GTk!qhtdwDRjR
kerose;ZPCFb@flbzosS
deroberts;yzFN43SFlYDmx
sarose;mHf4rxZTCva3M
rabrown;zKiihlINnpfDb
brthomas;*SrqNQVaXmPGt
titaylor-2;:TB=sefoq7gKsRnk,Qhc5E]O%HVa.O(t#
iaclarke;bgTwEYCotuDpO
incox;*ZVFiVAyqokRc
jarose;lKeQE!i0PbtqD
majones;HoYWMVtFwTjVQ
depatel-2;DTWub*JqD3OfW
hasmith;NO`Rr]*V[sDU^:[B1V^FsEYcB?*Y)91yW
mawilliams-3;NghT!yCbklF1f
wetaylor;bl4PnjOLbvSmn
krdavis-2;M3!ted-SubSTANC3-aGgR3SS!Ve-courAgEouS-F@CT
cecox;FRY-wR!TER-radI4tE-tHR3ATEN!NG-qU!ck
ahclarke;NiG'j3gM939]=]qhbW,U$2'PzfBMamiF
elsmith-2;ho@NYTKknKKRy
moalexander;dTvVjaeCdEGMp
brclarke;mEow4SKZNQ1NI
jajones;SMexx3UQM*YDj
joroberts;"n&E=vuolGpJd+""&eMURWrPusOre%+3uzq"
amkhan-2;nwWFG1NKKsmDf
anmitchell;cHePhth1eyvVd
vidavis;4QD*sgcxIIS0D
maphillips-2;8RT)9wBuj_5k_Jz(JxVj5y+gg1`iE?pM4
derodraguez;vULg@R-RitzY-DReSs-SM31l-Jo1Ly
shali-2;y3JVKoQIvA1@G
mapatel-2;Tr1p-CrE@tor-c4pt!0N-@llURinG-CrAVEN
capatel;ND6G*z0hMR'5b5AO7A#/VRHn:=pHu5J-1
jadavis;tTQbjDYWRegPA
nokhan;ResO1UTE-AFt3RTH0uGht-gr4p3-t4Sty-sqUE3zE
masmith;i%_:Oatt`jJwire]sD94]Yc82L,q`JH>?
nimason-2;SKPbiUVzYzmdP
rolewis-2;3dUCat!0N-m@sS1V3-GrOuP-CRY-!Mpu!se
kulewis;vhHP1dMFRGXxU
trmitchell;PaniCKy-b@s3-MUdDLEd-JOKe-Gri3VINg
anlewis;rRJaEhnJ!LImE
jataylor-2;y<D9v75K$^-=ukzZE1s2x2U^?6./fqj?
kijohnson;EbYfIDncmIZsN
jakhan;MOT!oN1eSS-1ikE@DLe-DoTt1e-RoYA1-gr3EdY
brrose;SF1dzJy-1Y!-\92RLX\=rCuU]7fn\&>0
aldavis-2;NUtriTI0us-MiND!eSS-d3sCr!PTivE-P4n-OUTrAG3OUS
kejames;stXEhVbEbbgXa
vijackson;OHfkDSloIkHSW
majames-4;R3DEL-giDdy-DOLt-GeNeR@l-m@Tur3
wimason;w@StEfuL-@1eRt-anx10uS-W33K-MONkeY
towilliams;otv@JMVGgh@sm
darodraguez-2;GoPxfvwShgoZR
alalexander;ZCL!SmuTqyNVy
cajohnson;n0tE-m4ssiV3-F34r-V0YaGE-cauSE
judavis;KnXyDrYQMMz*X
dajones;E@gPVs\+7#l]_2Kdi5sxEOXugY^nm#T+.
test-3;UmZWUt*ZwiLL@
jawilliams;DvSfQVCRrNYwb
kamason-2;H0n3Yp4sSw0RDd
jocox-2;pR0MIs3-cl0!SteReD-S0re-0I!-aboRT1V3
jalewis-2;AsgWtJCPJMFHt
evjones;HZJg0OGamcF!T
jajones-2;D@bi3S-HaNDsoM3-fact-m4jESTiC-Dlot
juwilson;TVFrogzADTdeZ
cecox-2;yTevuYsidHd!c
jamitchell;"f#:hI'%^$.z):ROIH-#""iu\!Knrb!K_ut"
yvali;"EPrOJY3J`nn:C'HBRImwCgE\/(lSZ""*6@"
ahroberts;XCFCgDrqajjbW
padavies;"9SBz_Dt13^Hue&/OG!J""YNX*YWdoy)-&r"
jasmith-3;\ZCab,,Oq+2%PW,<^sTeYu]/,nF^SG!BE
ferose;KNSKgMDRT@xwP
amjackson-2;t[JYFaF`-8E3\?*tV1kol)eZwfp9I##x
jetaylor;"*=XZcqu+nF==t/7\lII8th6Dnv8f9>""d"
admin-kaali;I($Ny#3.LNE\yWRmu:Aa=1SB>MTT<0Q=r
cophillips-2;RqxnZu0e!R@ty
ladavis;"<!iB*+u38.0)k@(X:IG4:[7mK""]nT(DT?"
drmason-2;zYqyhyZXKJkHD
majackson-2;"!=K!6K?!=`APV[Wh(de6pzRXe)_""V?_u"
stjones-2;FAkEaDm!N12
jidavis;4@rJbeTsqnahM
kepatel;eJ1Vf3QwHUVJC
stbrown;duVpkx*sYQmZV
admin-kodavis;conSc!oUS-SPifFy-SuP3r-guIdE-r31aX
rowilliams-2;kmct!XNTqSztv
jepatel;Yu1PoDHdDmcpO
serose;eQIEKEETRgCeV
weroberts;vxDoRbmVu1EQx
wekhan;YounG-DRief-abH0rrENt-SP1R!tU41-k1SS
brclarke-2;GidDy-p1Ck!3-3GG-MUrDeR-SN1FF
keali-2;XLYVcnr1o!xqj
notaylor;"M%aO(#a,yT=55#jtmYI.79_kMQk&<d'V"""
shbrown;KCdNwOJffD0OP
marodraguez;kdsDvRL@!J1ek
shcox;euemAUZaPgaNy
jejohnson-4;GArrU1Ous-T0m@toeS-PUZZ!eD-r0AD-J@GG3D
cataylor;GMUDImt3t>_.o7EEhaU?3olCU5-5^lCbd
cojones;qxHydqDzDsYKU
brtaylor;qUARtz-Pr0bAb1E-Outr@G3OUs-o@f1sH-ZepHyr
hebrown;qu!cK-h4rSh-WIStfU1-InCRED1bl3-n3ED
yekhan;!TCSvYzWxjuk1
ftp-tobrown;niftY-Fi1e-3NTeR-ReasoN-eLitE
cacox;h!johunVt*scV
rikhan;@YhGCxWtK0GKo
tejones;PTqbdQleNKXp!
maali;XsXiUiuhAOn01
coali;yJcsXhfHJyS4P
stpatel-2;RiVhWWCc@ZCuK
coalexander;DWFoQtv4cCsfg
joali-2;rEAd-tHe-hon3YT0K3n-doCbvsW3pz!RcT
waroberts;gC*DtYZWqStPG
dijohnson;bSYG0zzbNZfxz
tomason;3mPdHFbVdMSay
chjackson-2;Re4d-THe-h0N3ytoK3n-DoCwcfPWLuUZDR
shjones;UNIquE-SombER-RO0T-waST3fU!-Fo1l0w
anbrown;pFv7%[R+wWVFot/m?AFcv2O-`-Lc/^f\G
dyrodraguez;AwwESnUofDWld
lorodraguez;i1!-F4teD-sHEEp-YAk-s0!1d-V3!N
maroberts-2;Sn1kvGNFMDtt0
dolewis;NUfvDDxOgcfEP
jacox-3;df!%g_RIOpA@SPv04Jw70K[kb1F'TrH*
asrose;1OVtGGhNTb1xU
detaylor-2;PcSiPrCEy3n0V
kekhan;TbkqRgVvZnOGk
rijames;zhDHxewfUeqkr
issmith;JhH,NVpy![tS'(pZ,7TMY,7OWA-tj\7(
riali;pLEaSaNt-l3Wd-r@SPy-G4UdY-FUMbLiNg
dorose;"Dz.[&IzpIKAaC[/=n?jnH%>/`y(@nt3""^"
pawilson-2;&oSz)&dA,TW=Fu\?`uQC%7)f9<Nruu75
jedavis-4;9x4ifswlA%EaasDC_2g#a$?D_yFDpRv&'
fawilliams;F4Ke@cC0Unt
dualexander;UzyO:j6dnUBD<e(@xu#]/&qu3duU]>1_b
jejames;DwWvCDmh*rFwu
guest-stclarke;YstOZ1vnpLbmw
bralexander;tIJ3g\Hy>tU_,)Nm^?kNnE1d\Tv$'tX+C
derodraguez-3;nehL[O,I_3sn@GoPuSEuiW\dYQf^4\f2
azureuser-28;quChpp!RAswwR
arjames;qcD4[:e9n>k@x)C&wf]1#XB](!m5iYh\?
test-leroberts;onkyFC3qE@YRY
alphillips;zy.'X0W'?B2]<qO#ef1lo+R,C`k[%4gU9
kephillips;roD!N-sTR1Ped-eggnog-dISasTrous-T4WdRy
jemason;oNBtuIT&TZE$FaCidbG![*5f?jvz>1(\
sawilliams-4;1fdjYvZjKdnMt
romitchell-2;yaYZvFn1FS1zm
pathomas-2;b7X/Y]/q,dfJN3t'JkY)9OO`\$TQ.pU4e
meali;JtzRhx0hqcs1h
jewilson;D1amqb0NO0tcD
kyrodraguez;Ha1RCUT-po!iSH-ovERF10w-jEw31-ir4TE
rocox;TJtORxIdGtNJ1
huroberts;aODtiWvuWUWjJ
ciphillips;)#vlV6sP>eF(TXR#fW=?/b7'iNv6\K[A
jojones;aXjHyRgDtEpqX
morose;7i%(74dtgB>ncJ?Rn6yNQZyp72V:1g#3
drmason;uERAJqgZVFzwJ
timitchell;czgj!uJEVMJDb
deali-2;OrdRoA*11RY3V
rotaylor;B')%-:,*UUV9xX6xK8#Jry\j\lioCv^
kyroberts;!OH.fE6SdUKPvqu]/,qBb(`J0,>F+P=<%
jacox-2;zq0JqwVqFWamM
cadavis-2;yDdpDnnyaT0mm
hujackson;M)C,mmkR%-<#yQzvXW<@2Rt6.xVlwMY^
damason-4;"$DM1PygZkOM07CG,ge+sZnIX6dY""&NLm*"
roalexander;CJrrL4yKQ4CGK
jilewis;YQDCOPdp*S1ot
oracle-rojohnson;0rUgKRhJ1jeAr
maclarke;zEPhyR-kindHE@rT3D-e4rn-Tr4in-!Ndustr!oUS
edkhan;CH1V4Lr0us-ChAS3-H@!f-h@IR-P0rT3r
kipatel;UeRmIYpMR*cO@
kajones;UjNFEySc1TtuH
mialexander;tROldZshVkArp
lebrown;R3@d-THE-HoN3yT0K3n-DoCEjOEEorCtKX
jowilliams;HgYapZ@onbOcU
grroberts;>1L19/[A[DXY.skrG9?5Y]Saehn4:Smu`
momitchell;ARr4nGE-0DesE-TraCE-G00d-gRumpy
jomitchell;RE@D-th3-hoN3YT0kEn-DochNTTg*!pFYr
kajackson-3;%ip9&2pjQw2%X6>Mqhrb@:F/OoeK5A/RH
pamason;WqDe3bjySCCAD
lithomas;W1R3-gIAnT-R3LY-DAd-fLaky
trwilson;VDKwca0ny@XRq
elwilliams;+:MZNfiM>lxDN/T90.ke'l>*tK(sT@CyE
jeclarke-2;SwEAtER-fAnt@ST!C-w1!Ling-Oc3@n1C-pOcK3t
amjohnson;"b""J):!g0waTczP7`C@+@/F""vnqmk*cp<"
roclarke;w1gG1y-LOuD-lETt3rS-FE@RfUl-Ho!!oW
majames-5;iFr@T!dksWzF@
amdavies;RVKNkxinXSDE*
derose-2;lQ*xDUDLwwcMJ
salewis;=[urqz5C3=7<zZ-[Tzt+=k$&8ELrmAT
gawilliams;juDIC!0US-raT-sTUrDy-Tr4nqU!1-aNN0YINg
kadavies-2;1y1@GL6#qlkghkj\mIEmZK#N^STWP8B)z
milewis;C!@m-un!0cK-r31Y-P@ltRY-STra1gHT
dialexander;nufiSgKK!JoDa
isdavis;VH!rtWonrSPWr
test-19;PaT-GiR1S-!ntEllIg3nT-tr4I!-Mudd1Ed
letaylor;DuTT0N-Prot3ST-oDScene-ThougHTFu!-rA1NST0Rm
jeroberts;K^4^EoUWOGBvPaM@&j`'Y$:]?3[&,U1D+
dojackson;bhbvt0RpxzpGm
maphillips;DrINk-Fr@m3-uns1gHTLy-sEcONd-N4STY
jeclarke;0VERWr0Ught-M@RKet-bEsT-1nnoC3Nt-MysTERI0US
rolewis;iB_m*#I5dr'HmaXGX/[B9E`NkP#0j7a<R
clcox-2;AbSurD-dad-ACrid-oDEY-GRandMoTHEr
taroberts;jNtzbq/YK_s5xpp>8s(!2m#jv>p?uhuu4
lamason;Sqd>Q:t7dF7XKor9ZYDt')bpqJwHFjF5L
mimitchell;HvYTOPDwVSADJ
blwilson;TRaY-gR33T-UnTidY-v!3w-gRuMpY
yeclarke;DvmrykUj4nVvf
lyrodraguez;3wZB@TK4!NciFPpj2tP]J2k/vG=q=r:>G
tejohnson;Sp0okY-F4IRi3S-kn0TtY-crACKeR-gEnEr4!
dataylor;"h""s8_8j""3\2J2&$]iIAx,!t+QgdqvQ$&b"
leroberts-2;MGtbdY1GuwaRy
jajohnson;gr1P-SmOOtH-m3SS Up-GLorIouS-WAtER
licox;HulkING-tAbO0-1mp0RTANT-MOUTh-hE!pFUL
gealexander;sW!nG-s4tIsFyiNG-GRO0vY-CHiValR0Us-c!@ssy
labrown;c4bLe-jad3D-DoOr-DYN4M!c-mULt1ply
mamitchell-3;dOnckGJnAJxDV
decox;HoN3YpaSSwOrD!
redavis;cOnFuS3D-SC4rCe-p!qu@nT-wr3tcHed-wE!!-to-dO
maroberts;sQu@Re-ODs01EtE-CEm3t3ry-Ch4NgE-h0DD1es
arwilliams;gXNKHbtNpQxy!
shclarke;fAKEadm!n12
anrose-2;*mw@XtMzhm1Za
ebrose;ngGQnoDz4tgIq
brcox;SsmJU3bDVDXW4
naphillips;W1Js*XyYVHhwC
aralexander-2;PVDMDkZlnRVap
kijones;wH1p-D@Sin-INstRUm3nt-CrACK-1EtTErs
jajackson-2;err@tIc-mATer141-wRIgG!e-D!RtH-rem@1N
admin-jojackson;true-mIxeD-fEsT1VE-J0DLess-L1Ght
jawilliams-2;cREpSEYUOXFkR
merose;HFkDdS!tZUxDU
jodavis;st1tCh-mARRI3d-mEeT1nG-T0Ad-!!NEn
sajames-2;r3@d-THe-HOn3YTOK3n-d0C!tPZXw0vuGc
caalexander-2;4TTAcH-S4lTy-ROS3-GuSty-fIsH
jaclarke-2;TRKH!rd0zKnO0
brbrown;%:!s,C[)Rqn@\KzPoCK+0R`4bvd-h:p^1
cawilson;M3MoriZe-w3t-SpACe-g1EAming-1RRIT4T3
mipatel-2;kKtXGxZLbDOGi
samason;s!ytDxAohRvVW
mijohnson-2;HObbi3S-4ftERno0n-FE4RlESs-she1F-c@ve
cismith;puMPed-ProFusE-valu@DL3-MIdDLE-LAtE
damason-2;OLTjcoSoxxNRg
jawilson-2;inY3rQRFeEwKw
lajackson;JHTDvJ*bym!NF
dojackson-2;spICY-Ad4pt@DL3-bRe4tH3-st33P-sC@R3
ropatel;KRmxjeCMxjKod
dajames;abOUNDiNg-s!CK-D@Shful-PUFFY-TruCuleNt
lejohnson;D0riNg-!eFT-Cub-TR1CK-JA!!
chsmith;ng!PHvQJyDPsZ
kecox;SHR11L-cUT-!!MPIng-DooKS-l3th@l
mokhan;sTriP-GuAr4Nt33-e1@tEd-pLEASaNt-supremE
wywilson;TH!S1sNoT@hOn3YtokENUrT*Zq!z
jejames-2;wGzuUoAmdfWRR
dejackson;pfUhssIzvCcSh
jolewis-2;!TUgrGgOxbPKt
rawilliams;tqakjmDTkYMKQ
jejackson;We4!TH-teaCh!NG-CaRt-h4MMEr-@fR@ID
admin-kathomas;aNnoy3d-t0RP!d-JEwEL-k1tt3nS-Wo3bEGoN3
jabrown-2;@VeECjHH1eFhJ
teali;axuB**!xIL/h-1'rS#nMy_W@mlg]I7zq
admin-rabrown;CWRegZWsMNneH
dodavies;uDkK`%thoaSOE:z.KLyqrO'+1CQnl@d/D
mapatel-4;Hbn*HcXNAdJfx
frrodraguez;TW1G-glAss-T0UcH-DE3r-1eft
kamitchell;MmkjkWkprUGRi
titaylor;mZneGqNJUHNMS
jojohnson;f@K3aDmIN12
derodraguez-2;WBP,-vlN1,IaU3%2qx6'290zV/,dJ[1e
mawilliams;!ncOnClusiv3-sPoI1-E4rTh-sYstEm-RISk
jedavis-2;"A`Cjkj%CxZ$4j?U@+P""O'_&Ive/yT0)fR"
gathomas;Js1NSSDkMUGuv
puppet-66;rEPUlsIve-YEaR-De@d-wR3cK-COv3r
dedavies-3;]9av#tSvg[*-I,s/6G5.,440qf/lg[7pA
dedavies;ItK,Hm(MooX!S2apC0&LLmz^fUVopex&
tothomas;"y=,3euv""x<K>l*v-p]8<H/fMtj$Yzs<&7"
raali;D11FeDAtDRGSO
alalexander-2;sPotLeSs-FAiR-wHite-puDliC-D!iNd
wewilliams;"TVCQJVGc.Jb^""3k%a[vh8@&^?$zQaZ@s"
rebrown;r0k`9Ii2m])TX4AlJB'*XQ(`$y#9-BDB?
gophillips;FDnxPUzeE*Tw1
stjones-3;sAPp0UirLJF!z
blrose;ru*pRCPGLqqNG
shphillips;psHwum@debkdt
anali;Sw1TCH-REc0Gn!se-CReAtOR-c!@ss-m4RKEd
likhan;(tt]+$QO>82g&u4zzEkz@t6`3<i+@5Z5c
pathomas;GaRDEh4tdiGkG
azureuser-rajames;NorzTgFQkTdIt
tidavies;zZkWjtqUqosj0
artaylor;@uKkn!bDXbIFl
lojames;droP-se@rcH-MoOR-noT3-Gr0Und
sajames;t@roEkZDGbDuN
daali;ArT-wRy-DIST1nCT-TE1!INg-TEST
cephillips;NImb1e-SPotty-0FF3Nd-SIL1Y-HunT
whclarke;CYzjQXWstnfEq
ftp-19;dI\'k*E>>m:SfXSD6C/ZNqEMowcBPdr
eralexander;Hq0ULESrJwfFJ
pewilson;?>AG5'y@IS\Q]]/n`TEAN5tV[G!,H)V
ryphillips;h0neyPAsSWoRDC
admin-tywilliams;s0NG-fo!D-INSt!nCTIVe-h4Te-Gleam!ng
amalexander;JT0HcC4Xkyy1S
dacox;QidkhJUXkttkj
auroberts;secRETIVE-F14T-eM!NenT-GR!eV!nG-peCk
lijackson;KvEIwUCvIOWYf
ezdavis;jf*qyIlpROTij
chroberts;A2iZ[[iKwauV$12]ARswyBQU!TV:/z_,
cadavis-3;ht3Wboicwbj0A
admin-alali;xvp+7FP+<36JcDJu1NaD]Sfz3qS'YM`D
erphillips;hT0ZPzV0HYDEq
krbrown;h@ND-g!fTeD-traINs-m01dy-gr!N
masmith-3;UDzOrfoPVPDet
drsmith;RiCjGfonou!hm
kajackson-2;knOWING-fo11Ow-riGid-bIt3-siLVEr
oracle-jowilliams;uN!Qu3-upp!ty-acoUSTICS-t34m-3*oTIC
jajackson-3;YgEVhgzqfnzuq
lapatel-2;AdheSIve-pUMp-w0ol-d!G3st10N-DOubtfU1
dalewis;csEwtD*xSQPC3
rewilliams;WeLL-m4D3-plA1N-UN@bLE-GU!!TLess-s4W
kelewis;"R!y%T""/a4FI$(&Jzw)M-007oYdN#/@%@G"
almason;jkZwydctrVzbn
siphillips;*YNQ1sZIwj!3H
mathomas;NUZkv114LvJFn
aldavis-3;UMYy3HIbW!wLP
repatel;TH!Sisn0T@HONEYtOk3NRsJ33bnC
niali-2;"?p\pXYG""H-&s@e#<[q0yDt.Z.bK/Ap/Pj"
lujackson;F@K34Cc0uNt
admin-jidavis;fjbpfOZ@l0PnD
alwilson;cRIMe-outstanD!ng-suG@R-nIc3-AttR4ct1ve
jopatel;GYDRywnurNccu
dasmith;CqaeTFGdUSyvw
bralexander-3;"ivr$0S(O:""=EaVQlA9+_zN.z`(uN""7P5K"
shali;*VGJEtafDDPeX
admin-lilewis;CwDydHrVW@juR
medavies;NKpeND!CkySzE
rawilson;dISAPpR0Ve-Co!0ur-cut-p13ASuRe-T3Sty
eralexander-2;%8.CX[C/(ofs9Bin/!FLBR8U^1We6s%N
crclarke;uZ!ahDDlkZFUu
mawilliams-2;cxcCPMvPcL!CT
rarodraguez-3;Yrb!Czg1MGsZ1BwpkcS*c6(xe>#Pb:@ik
mothomas;GaT3-M1Tten-MusClE-OmN1Sc!3Nt-cUrE
erdavis;jyV1MkRtjYGzw
jedavis;MZgYx4aZDmHGb
alclarke;QqG$yI2.Uqd!FawP@l#!u@Ee71Bq(#u=H
hejames;KUMvERaKWgWNo
masmith-5;sOF@-hOSE-WrAtHfUL-squ3ak-OiL
marose-5;-NZJP&1OZIWt2sqKI&hX&Q2\ly>=921UC
amjackson;M0uRn-arrange-s411-UN4rm3D-p0l1T!C@l
isphillips-2;"->e+J%37<..IjDF!J?hT6Ez""a>""YU/i?z"
anphillips-2;"lqkd3cm>0xfaYo&K9q>""`esl:['M^N!#"
remason;sPFyrI3bqaZMl
cophillips;34TADLE-WeAtH3R-GazE-1EGa!-reGREt
laphillips;kt&/4H#M#sMhwuI$<+ET7qK$Nfr5KggFv
huali;.ckt#tA!\%uW9Gdi5$Hk(0!_&HXo\si,%
jajackson;rEHKViQmv3uvf
frlewis-2;uPAenreKUG4JP
ansmith;wH!mS!Ca1-he@veNLY-Wat3R-R0Se-QUICk
mapatel;gv0MMzfVygTkK
krcox;SPOnGe-R@inSTorM-DOub1E-4CTor-us3D
shsmith-2;Ca!SdNFK1kLTr
cocox;hOneypASswOrdD
shrodraguez;+)*#l(TVQ*QTl2Kgph=9CuOR,TSP9Bo-
chalexander;"9]bQg""poAzFI->xe_,pJ9yZ%<Ch3Vl(S-"
locox;qU4RrEls0ME-pI3s-cAP-bAwdY-sqUE4LiNg
clphillips;i!cysHdRx*rMf
limason;DUeYTFI!N@y4x
cajones;fXy@EUVA!gDDk
salewis-2;uscehhKZSUDPp
tymason;ljVGsQlwudj1N
andavis;craSH-bAg-uNARMEd-S1*-R0MAnTic
thcox;WtWPPduGC3QrP
mapatel-3;CCWHhD*yGZ1!k
sodavies;HanDlE-To0ThbRUSH-cUr3-GIr1S-WOrTH!esS
lakhan;Card-h@lt!ng-4X1oM4TIc-3nERgET!C-G!oR!oUS
trali;CISOmRpobG!Dj
puppet-71;UZSEg!Sq0sKJ*
jorose;pLuCDRv!ROUZv
jasmith-2;C!Umsy-cYnIc@1-P@SSENgeR-@TTRaCT-cOnTiNue
haphillips;@9B'a0TnSOKtIkBsh[nywGcQ#m`I,:Qw
marose-2;tHISiSn0Tah0nEytOkENhSFbJVqU
trmason;HlQAmVa1FVzhM
dabrown;"<xQCVg\>@lK3Ki^z)F+%/_e*<WH+""eHmq"
loclarke;NAm10UkDJyDDl
suphillips;UvlerbynyDceD
bemason;yraUPZyhFREWv
kamitchell-3;@N@lYze-friCTion-FanTaSt1C-mAtuR3-eVAs!v3
brrodraguez-2;MqtDcUvOT*Ira
esroberts;c4Use-Mine-hOnoR@ble-hUSky-pSYCHOT!c
lejackson;"o?,ZI?!""Ov=44gUbZjw4u)Ixs]d9GBhE"
mismith;secR3T-p0T-F@R-f1UNG-WObb13-sucCeEd
cupatel;thIsiSN0T4HoNeYTokendtTjY!wq
krmitchell;gvk*EChTdFbqW
mijohnson;p3dAl-overRATED-D1!NK-dARE-tiGHt
jojackson;mTGqrFWTOg1hS
beclarke;mIXeD-F0Rk-pREv!oUS-ScrEw-ODseRVe
eljohnson;VUkSh6d2VmvVYWo0$4$z6<(7\Fthf3nD:
cadavies-4;vsVqzQskPUGEp
shwilliams;wXU7U$*NGUm!#0U`#.X*J1'clGf<RIcGs
anrose;@Dh3SIve-NErV0uS-mOlDY-S313Ct!oN-GRE@T
info-bubrown;XGwYtu3aqqCFf
brphillips-2;@RqFZzqvInsOK
gijones;viLnfVxGJzSij
camitchell-2;yEllOw-FRy-cuRT@In-Nasty-S1NK
japhillips-2;Int3R3sT-r0UtE-C!OTH-bett3R-pOwd3R
eualexander;ehxTnrysbEMGY
dajones-2;ST33r-fOrtun4t3-gR4NDMotheR-KITteNS-!o@D
lorose;C@N-1ne*penSiv3-stE4M-narROW-CHOP
hurose;4PdRmtP0nXttU
andavis-2;F4keaDMIn12
edwilson;tH!S!SnOtAHoneYTOK3NrTcrYshD
azureuser-53;Sd1:2@Do^dZsV0dqc]@@qC=X/y?D1CC/Q
ciroberts;prOUD-SNaTcH-Ro@SteD-z0om-EnORMous
shmitchell-2;WucHVuRRdK4dj
mysql-14;jjvqeRcRffKYF
ellewis;OjRNTHMsAPQcq
domason;To0THPAST3-Zipper-stRinG-C0Ver-@nger
cabrown;SITeMbYcWPmrV
elthomas-2;T!Ck1E-TeeNy-tiNy-curV3-f4rM-W31l-madE
jamason;qfVNjURiFDYfg
shpatel;b@TH-quizzICAL-sUgAR-c0nsc!OuS-3NTErTA!N
guest-dajohnson;4F=wb]AzhW2\1u1%K/MZk9'x_edQJt+
cadavies;"<u-Ci(8kf[]`b=nkb#EoVqQ$H!BOY+"":6"
vagrant-lawilson;eFQYkcXcJjECI
brtaylor-2;qUaCK-SW1nG-34sy-bENEfiC!4L-geNTle
haalexander;ZEuybUijntXpb
grdavis;Pizzas-hYstERICa1-E!1t3-r4DDITS-Pr0TeST
suali;YMNlFzriCMYPn
chclarke;dESKX!EmX@YRX
emclarke;desERTEd-p!pE-t3EtH-ST0P-cO4cH
iswilson;xFKUouEbADIsQ
cosmith;hVh!yoZCD@SxE
rotaylor-2;&y-l#$2:gycOtx^hWXMqbFyf?XGVi,K\
coclarke;hPWjXqMsvjWDR
marose-4;HtwnJu0Zrdbtu
doclarke;KwDIbnbhQ0hOZ
anmitchell-2;CkFPYChWpAxDQ
dajohnson;f41Se-HEaDY-fIrEmaN-ROSe-0sS!F13d
darodraguez;1ikkM@RgQ3zzx
lyali;0slgHyXbCOAvR
erpatel;k:=3-5Hoxny4<\qX8)FF&NBLQ5kP<?'%O
kesmith;HONeyP4ssw0Rdh
admin-dewilson;"ol6pGNY=D]TaPwDAyT$>1$G.-QSVG4k+"""
brjones;GymqxGV*MhJuF
bukhan;pJNzPVqRDeqr4
lalewis;f@k3@dM!n12
syroberts;DVUNsxqkiMngY
kirose;bhdGHeMKXpK!!
shjackson;S@VOry-cOugh-stoCkinG-quArT3r-s3!f1sh
kabrown;"#!M'etHG+Emu&XONeq[6_Y-.u""N:BzAlP"
vipatel;sHE1F-TemP3r-D!Z4RRe-LYRIc41-@nN0unCe
dedavis;twwDPrRUwlqKO
alclarke-2;WgsmYQwHGzFJY
mamitchell;GpkMR*SYzmQfj
chrose;fOur-rEdUce-@pPAr4tus-N0rTH-stuRDy
pirodraguez;wCuOpHOP*Iwrq
lathomas;J*hvm*GrzICjn
jataylor;"k(yHW6M[[oiL[0JrKvDva0diYg*Gh""b32"
joali;uKDPWyTmmjnWr
rekhan;tAIL-scrEw-decOR0us-P0ISon-bANG
kijames;PmnUmheZhS1VN
tomitchell;UvS_#Us8-yhc:7nKma!-tCSAd!K>V)Bc
harodraguez;s3CRetARy-MAdDEN!Ng-Sk!rT-W3!ght-jUMpy
grkhan;CfrwVPdfV!vFO
phsmith;RA@>dHy,A8D<+,T<<?+zyvk82LkYON/0b
vagrant-9;qtk0HGVnjc0m!
humason;wGMjbjeoTqrZp
sajones;Ntm1%=nsi4qs!Urxqb&Btz2$^I5<9!s[0
elthomas;ZKxJMORzOGhow
jadavies;1nterfeRe-fOUr-st3am-mEnd-hIGh-pitched
dokhan;e5:c%3uQ6QGO=&g3&ELf]S'S6W&.fY>Z
jesmith;WGicsRG3iEV1m
vagrant-nipatel;uf3sfrQe@PxzY
mecox;":7%"",M$j$@Royq=qeHUZs-X=j3>CE'`D4"
brmason;SSnmPt4tyvZ!!
helewis;EZ!WuJT*SWjQL
ftp-99;FP!*dordjydoX
clwilson-2;MNUXstGyPzzNP
yvdavis;uNN4TUR4L-StreeT-dApPeR-pR3ParE-WReNcH
kajackson;HmuyYdCtNhD!W
camitchell-3;'^)owE_k1v[9oUhQToUA/+`@p/Qq%@q#_
romitchell;DM[h(As7jX=f1cPCOue.k!zU:-&s?GTbF
hewilliams;qZ1zRYUxakF!D
sejones;"YAE!""<Lk>GFCHLJP^(jMTjs5t$Tg&I-tZ"
vilewis;*KfTZNVpw3JRY
brali-2;R3POrt-QU!lt-GrOtESQU3-e4GER-InTeRest
bethomas;d4M4G3-FrigHtEN!ng-STR!NG-De@dP@N-3NCH@NTed
cokhan-2;"-c5B)iXkG%vzoG$,%*+Gt,e8_\7vk""5k2"
vismith;LWh!IR3jfCLtq
stjones;WDPUkhKP@XbWq
rarodraguez;"@f#XB%*a&wEgZNHh?*b)*GA!""X6%k$lw:"
depatel;WpQxmX!dr4TLU
trjohnson;p1%wSxG%crEjaV8:8!i'4)c]V#^b@x)ig
cljackson;OG31XI!OaUCFl
japhillips;4wVLqC@fw1YqZ
dujones;dclPdzfLeyXqK
fojones;!qnVTDKKqoxdz
gecox-2;"]QL5c#4>*3O""+Qg_kUp_,s]6f&(.oFt""C"
dismith;d1sL!ke-@Rt-bOIL-shape-ch1vALRous
cacox-2;Zu!3UVCIZPFUN
nirodraguez;KetT1e-NiGhT-Wh!P-b@t-way
strodraguez;"0XzZWgFDN(S`(.\Kgt4<J""I^Vo1MY_X3"
elali;zq$[%9I@pRx@dEFaEKE^jJ#sF4l(rQ-K
chjames;"#!""6Ja9,cLU?d[z]jSlR3]X@J#8`<g?AN"
dijones;>Ht4ZwN6.E%1=8hu_X9w!XtaiOc]Y(je
temason;KptfUMFdxvf@P
stwilliams-2;3VwZ0zfPKOx!T
jaali;tFtJejA1FPMkK
moalexander-2;rDohvvfGcMzPi
dadavis;foX*zgdUVwJ1G
beali;rlGMYyocPuC!0
niwilliams;FMjjNhYZUKkyj
humitchell;h0!ISTIc-P3t-dEv!11sH-fL0W-aNsW3r
chali;PbIzWZ*Yh1Wij
admin-alrose;"dF(H@<h]yO-5-gU`6jg\7j6X'""i)Ta)0'"
elcox;yH0XJbDvvfZGx
qujohnson;V@R!ous-US3FU1-m@DDeNing-moV3-uNSUitAb1e
bewilliams;nCkphMGIM43x*
detaylor;uCsqUbuzfmWUD
debrown;RwOtzhhmdPzps
brrodraguez;4WZGWU*1NW1Qb
aldavis;eMDTvZQIM3rRx
kasmith;DpD1bV0sIgYyC
retaylor;g-Tw0SNE[6,%%0.x1#,,i^lo)aD+cAXP
jaclarke;ZmtkYN@vhKTvq
shdavis-2;maTtEr-SNore-f4LL-SCATT3r-sH!nY
gibrown;Vol4t1!3-RotTeN-L1MP!NG-W1nG-M4JestIC
anphillips;3lnPOrYjWiXDV
riphillips-5;mVybfV@4rKJDu
cudavies;Eff!CaCIOuS-pink-m@jeSTIc-onEROUS-M4id
irroberts;1DkVDQNpCnSxX
krsmith;lOUT!sH-sTRANG3R-SN3@KY-@!1eGEd-PUbL1c
caalexander;xoJzMHCUrIXvR
mipatel;C3rGFwUXNHjlT
shwilliams-4;p@NPRrgZOuMFI
ocrose;G10Ssy-WeLL-0Ff-S0rDID-no!SeleSS-4!!kE
yorose;bVSYvQXshcEgJ
dephillips;18,be9WD.Qfh*6H%MT-d3XST,^-Sd=IXz
rocox-2;aD4fT-c4g3Y-bOriNg-D4UgHT3r-3Mb@rr4SSED
rowilson;gQSMOwjWspuMj
rowilliams;nrbJAQO3@0nor
jalewis;"OQsk(:""D!et^Q.^`0hFpr_k%7`x3K)8FA"
chtaylor;liV*cfmyzPpsv
camitchell;rtRwUe!!Q1tNx
clwilson;MyFsmMJeGShEE
majohnson;pLE4SanT-s1!MY-!LlEG@!-ActIviTY-we1!-To-Do
madavies;HAnD-sOOTHe-kN3EL-p4stOra1-camp
ramason;SMRUyjT3uOWYV
morose-2;$bu1Y@=0h^4vDaVYjm*f\0^L$*wC)7G1
metaylor;yak-hOUses-GR4CeFUL-suLKY-Th!ng
diphillips;w1S3-sCIEnT!fIC-rET1re-to0ThSomE-RiGhT
vepatel;"lIZMxgTDW7SM""^q7HunWl8g_&<_w0Zu0"
prclarke;1jjTew`iY`Vle(&.M]ZA1dZom('C(gI2[
cesmith;@29z8x%OWdIA1)b-QUsx*vd7][)^H-7i^
admin-rocox;HurRy-C@p-TesteD-Hug3-TuG
jejohnson-2;+K'S2_H(wG-WZNvmS7*c'7k&ZouV3ZE#.
edali;EDfSis4uQyKeo
kedavis;tHRebzAQpwJEx
hawilson;uQW/DaO0FHY-q(n?y#3r'*VA1wa?\2'0
guest-24;JOThPlftsZZmz
admin-rarodraguez;Vo1cANo-1aMEnTAD!3-M0tHEr-FORtuNAtE-cReD!T
prbrown;"]@KMBZm""S&E3N]Dd'jLR`W15xN[e_j[:"
stwilliams;iXoiCfWnl0h*z
jodavis-3;"1:fx%,+Zni_?DD""Yb=EY<^cPm3L^b-A\"
sismith;s!CK-GUtTurAl-!3Ttuce-hAng-obS3rVE
bijones;vpeyWuU0DUedH
kaphillips;MenLOVtgpGtC3
trsmith;CUqVDh*NALVcP
paroberts;p>MCD)Y[f,tHVE-])Jd_HEj@fK]kQHZ%
jasmith;HIR*0dVS!MygZ
clcox;kVjUcD!bb4Mbg
oscox;CrowN-d4D-PEst-y4K-S!ipPeRY
jawilson-3;THlOHDddto*N3
jolewis;dXvmEYS3iHVSe
hokhan;vNKFzjNvrs!YT
brroberts;gUrG*Y1EJeySP
admin-camason;gUTTUrA!-thankFUl-RE4son-MUSHY-cAnv@S
sephillips;uNp4Ck-thaw-rURA1-v@nish-@CT!0n
esmitchell;Fq1aD!XvxvCOx
jejohnson;QvvDW4OMhTmUW
chtaylor-2;"y6ZWgK?f[fb<3qLPwnVe""+4""a3A:U)c8$"
vephillips;TreE-sN@!l-3Nt3Rta!N-prEP4rE-TrAMP
gipatel;Z3SojPKgrkxyW
shrose;xvZULULD!gUTQ
chjackson;u?=4p[v$G_bPOiY^'H.@<mxG]cK:\j0-t
tialexander;FKPmjVXnxvhZD
jualexander-2;f@ke4dMin12
kodavies;p4oCJfyAyIb!y
remitchell;eDUcated-scen3-GRaD-DEgr3e-bIKEs
althomas;sh!VER-0D3s3-mE3tiNG-M4NY-!nqUisITiVe
coroberts;f!SNHSS1ZjtsO
larodraguez;Tip-SUSpect-0Dn0x!Ous-h4PP3n-hOSp!taD!E
asali;TdLCOhLDzwupW
dewilliams-2;adv!ce-me@t-C0nCErN-Dl3@CH-r3PU1SIv3
aralexander;wYLj!HTHck*rn
lapatel;rZmQDmkWSPF*C
cadavies-3;NPhmrzPSLvWWn
makhan;"4xZ""w+n>KYl1X$nv?JP$J4zGN6Ohox]?>"
stpatel;unu1m4WCTWoRO
cadavies-2;iLhYRUDxarTJY
gaphillips;4k3wCubb1KmRG
saali-2;MpGuRfQEUV0Qv
jabrown;"N!)v0%m4v(TBm7v<w@Z'.w2""+nM/!]cm)"
kerodraguez;Hn$'Iye_l%7[:O,*!-=6\ubj]DPV!qWZ
rebrown-2;nrTTDHmUbwPSn
audavis;wRZrWGIUkyCqR
auclarke;gRoUp-Slim-@MUsed-Pr34Ch-gu4r4NTEE
krdavis;DrOWN-pOkE-SignAl-1ick-c0oL
samitchell;honeYPAssw0rdm
tiwilliams;nmt1MhrTwxDcT
nawilson;msy0mtrcMORos
shbrown-2;hdjnfNVssTSJE
chdavis;T0p-MoUtH-d3eP-untIdY-erRATIc
damason-3;Sc!sSoRS-redUNd4nt-pR0dUcT1V3-HarD-t0-F1Nd-irr!T@TiNG
admin-memitchell;L1Ne-SteAM-FREtFu1-@!r-rA1l
majames-2;5oO465S3$=R.5$]=knrJt5p4xkMXt`Uj
deali;0*vDSt1!DdwLO
elwilson;r3ad-tH3-H0neytoken-DOcUfDtAQoHj*l
jijackson;knVyzALDVMqHu
dowilson;T3STy-THin-StovE-N@UseatINg-chECK
lecox;F1DTILdjwwrtv
jocox;eoEUyZ3fQJqcb
palewis;PErFoRM-FAcT-SacK-KN3e-DiGEStioN
lataylor;PUNCh-d3T4!!eD-r3prOdUce-m@sS-H34t
leroberts;PerfECt-@dv3RTIsEmeNT-Four-SAcK-UnPaCK
kadavies;dDQGZDgCcDnOO
admin-tejackson;"&3@]zkSBd^h6yZ\494q9""`[d*AG6/ln6"
enpatel;1r@T3-@pP1AuD-HelP-n3EDLEss-FoW!
sualexander;Rp8k8c+(Qz[#PFjQnnT$J<7BQ/4]FTs1^
brjackson;KfkECjz4ONUfD
vapatel;beD-3VAneScENT-Act!oN-RAINsTOrM-st0M4CH
althomas-2;w3[thrCj7kOU9Q3AGBoGg@KK7N@c^/FT
dubrown;*fczvxvhftKp@
realexander;p(l8M'P<2e*p_h@vaX9'HQ.A!q'rWuf&
jobrown;XE[G'ky<@mm6<QEVY%G?C0?7N-K6fode
tybrown;ibDDHxPnDDrG0
wathomas;DArD4ROus-w@Ste-b04Rd-DENT-n@UGHtY
idkhan;DyqLfDHUgZusJ
maclarke-2;sq3gmJpmhr!Y@
rojones;]py>GKJ+%ZvV6vfA2KL8k-!FWrI=BZkBe
methomas;ReSp3CT-!MP0!iT3-st@in-gLiD-Emb4RrASs
deali-3;sTIngy-E*tRA-sM4!!-T!3-rotTEN-Int3RruPt
gedavies;O<^p]N*Tw8(9,T&drE(gZuWt?j>_Vk)(8
demason-2;!UCKy-oDt4IN4D1e-SNaIL-PRot3St-taN
nimason;zZJwpIo0MH4Tz
erjames;tdbcwKjrsMY!S
sarodraguez;KlQnzkKOCMWeu
adwilson;T@D1E-ShORT-PaRt-ReMeMD3r-DEc@y
nakhan;Lcpn1MEKXrJgd
brjames;PQwcecfyX0Ey1
tedavies;3ISoQpMFHNrjT
bophillips;fEgTqca*heaCb
grmason;r0DVgsstzbLiy
saali;v-6&+W,n]&QsSUQRL?y<h3?h8'HIlEZA
mipatel-4;MJViuRwJvtjbj
somitchell;SHSrhU4*aSPGj
irrodraguez;S4ZCHv@mUNWEf
mysql-20;S1nZQwb1vvyNp
igjones;MLuUo!ZtOJmgD
brjohnson-2;th1s1sN0TAh0n3YTokenujRgMn@b
rolewis-3;Y!GPybqlDSn!g
ulbrown;lOCk-cut-moUNT4!nOus-sT4!3-AbaCk
gralexander;VusJJICy!zhTD
sawilliams;W0HXmlwlC*Pv0
efdavis;tKrEdtFlJV1kr
damason;&yZ^-cQ8Zqq_\Ss-q_alb(if)fF<qtf(
ruwilson;TrUcU1EnT-gAINFu1-obNO*1ouS-dE1!Ver-ADm!rE
tidavis;rEad-TH3-HOnEYtoK3N-D0CawZ@Hqtyp*S
anjackson;P2f9^v<\'9[WW)uq\$TRY$6L&zLxI@
asjames;YEwM3kCwkc0tC
jedavis-3;TR4vel-Jellyfish-sUDsT@NCE-buTT3r-D3C0RATE
hidavies;"(z)t^:P4Y^qN/c<jL!""V2!1yWRK[n29J"
dethomas;l8>o<Q78P*3SgVd[8XNI=\@eOI-KdkQOy
krroberts;f@K34DM!n12
rakhan;t0w-T@bl3-oV@!-FROGS-S3creT1vE
fadavies;@Tft:qi1RMXn(()X[/E5$xa)CL?Z/[,$
dejackson-2;ryW$]s6KBuO@_$2[G/Y><8ovP/r&LU4rO
dalewis-2;D1rEFUL-SOGGY-nUL1-dAMAG!ng-uPp!TY
rarose;lYr1C@l-soLid-iMP0SS1DL3-sm4RT-aCCUrAtE
oracle-mijones;tErr1bl3-3recT-uNDErStO0D-4!Ik3-Gr4Y
brdavis;GuyQJtCMgX4tw
jualexander;RJQdaPDyzTrjS
alroberts;ENtERT4iNING-gRuMpY-hEav3nlY-F1n3-hUm
ftp-lutaylor;h0NEYpasSwOrDt
rocox-3;ixg3NNq@KrQm1
rewilliams-2;!CY-mIST-uniQuE-SoOthE-beST
lumitchell;-qcI=h8t4*zWu?_ucxpy]Xo3^nyLNg7a
niphillips;G<Jo7.]9I-in=BAl!,lMJl2DoY+=r]?
jethomas;tr33-tH!Ck-gooD-DIST1NCT-!UNcHr00M
lemason;WSTdusCWTCVQf
cawilliams;jaM-PUN1Sh-LimPINg-dROP-S1gN4l
kidavis;Xj5wW[I7+C-R]qz`sf)Pn7'.exkv&XO<j
mewilliams;R!gFVWwm3UczP
kemason;TEDkbxQhHiEyo
niroberts;f!ippAnT-MUDD1ed-f!aV0R-toOTHp4ste-Dr0wN
riphillips;f@K3ACcOUnt
chjohnson;MKF!qpbOx1JnZ
ealewis;CO4ST-mEasuR3-Pr1C3-REfUSE-SKiRT
drcox;PRPzgVKspfJYa
jewilliams-2;CZWAcrjDZd4dw
seclarke;GcksMrOj0UGHD
stkhan;cYlFSmvZkDUj!
elmason;hSnqRRDUtpD*N
wismith;hCJNpgRuWi1wf
chjames-2;hON3Yp@sSwoRDd
chpatel;3pKXVlHHxLtqZ
admin-fojames;QhHiT0lGsVXQC
dwkhan;:)x\CX3Qbva'QxOAq+3X0mA!$`UB#01qr
jejohnson-3;D!tT3R-cRu3L-3XOT1c-acCePt-1nClUde
mamitchell-2;WE!c0mE-sMaRt-HOsPiTADL3-dUCks-dec3Iv3
krmitchell-3;HOWQSfh4QJXLY
marose-3;`#C?308GT\vp?4zE]%W<qWaTvCWzq$R)J
kamason;r3l1gIoN-rAc3-CraZY-N!NE-LunCh
dwbrown;a4zfmdkvytarp
frlewis;3MhnKhqyFhEjf
ladavies;nwGbmPfPkDc*d
madavis;rsx1m4gMn@c1A
jaalexander;"=gAV"">'p,5'.T0P'M!Esq'nNG!q""K[ua"
bebrown;so11D-Organ!C-ROcK-HoRSE-SOund
kewilliams;H0me-graSS-sta!n-yOutHfuL-sTEaDF@st
gecox;PLtegrvgMvpr@
sojackson;sAwmz=Z2oOpGfCmF$aGWAU?N6![1?!&j6
krkhan;re4D-tHE-hoN3YTokEn-d0CEwYjhWbSYCL
detaylor-3;4Sk-eAr-peCK-wANdeRinG-KN0Wn
majames;EfRxuYGKifqF!
labrown-2;H0Lid@y-ATT4CK-coNsciOuS-MeD1C4l-MEDDle
mabrown;iYMRwzvmiEVUl
pealexander;>7R?Vt!ado7U%s\>7=W+4wqzMjQz5a^A
alsmith;Ab4ft-cHIcKENS-puffY-uSe-lEarN
clmitchell;ysgTyDVC*kzD3
kasmith-2;z1PsIch4otkHn
viphillips;ndvQIugrcnZmv
lotaylor;OO@gPEVEYiHZm
cldavis;he*uou1ZafN1l
arjones;m%)zF<G@V:B!-29QhMU)If*\vKc^m<'/?
aljones;OjxI0zpGyDtCS
oracle-30;cutE-bOUncY-ill-34rN-PUsH
geali;FF*uYWcSFCk*l
ansible-64;*mHDEA1kYIJvJ
user-sadavis;JkdSNCANDgG!@
varose;5(<[y:@B16r#:8[i[2+rzMCaI18Vi%<WA
sialexander;nnFkj4LE1Uerp
emjames;S*IDRYsN3t0jx
kawilson;,re9#H+PH%JL-d1_i_y5YGY*by1UE)dA
marose;UUGZMpbkn0CKC
loroberts;Gjd1vUfwWLGhd
masmith-4;hjuItG3fYwhPm
rathomas;rQcv4QAUOJVeG
aujackson;Q\PqoqaNsKCd>i>tnf@-SyxMwd+B9:J(@
