rojones;]py>GKJ+%ZvV6vfA2KL8k-!FWrI=BZkBe
rebrown;r0k`9Ii2m])TX4AlJB'*XQ(`$y#9-BDB?
maali;XsXiUiuhAOn01
jeali;X4oofDK3uxaDp
recox;QJ169_*ek8)92W^-JJnJ](-j8))@>X3X
shmitchell;MuEeAdH@tCQKg
dujones;dclPdzfLeyXqK
serose;eQIEKEETRgCeV
kijohnson;EbYfIDncmIZsN
jocox-2;pR0MIs3-cl0!SteReD-S0re-0I!-aboRT1V3
gralexander;VusJJICy!zhTD
tejohnson;Sp0okY-F4IRi3S-kn0TtY-crACKeR-gEnEr4!
frjackson;sCQSTH!uwAunG
anlewis;rRJaEhnJ!LImE
stjones-2;FAkEaDm!N12
bataylor;WheEL-wr3CK-4NTs-gOdly-NUTRiTiOUs
temason;KptfUMFdxvf@P
lyjames;cuWFD@ZJJDsNK
humitchell;h0!ISTIc-P3t-dEv!11sH-fL0W-aNsW3r
rawilson;dISAPpR0Ve-Co!0ur-cut-p13ASuRe-T3Sty
stwilliams-2;3VwZ0zfPKOx!T
brjohnson-2;th1s1sN0TAh0n3YTokenujRgMn@b
nokhan;ResO1UTE-AFt3RTH0uGht-gr4p3-t4Sty-sqUE3zE
towilliams;otv@JMVGgh@sm
siphillips;*YNQ1sZIwj!3H
cljackson;OG31XI!OaUCFl
idkhan;DyqLfDHUgZusJ
shsmith-2;Ca!SdNFK1kLTr
saali-2;MpGuRfQEUV0Qv
fapatel;7z3J^z,ROgPFjlXAff4wQ&BO38L466ilB
ealewis;CO4ST-mEasuR3-Pr1C3-REfUSE-SKiRT
darodraguez-2;GoPxfvwShgoZR
caclarke;Jcq?&KLPn_)nB9/>s8XjkX]fse@hHH/\@
jokhan;DugvHwdKzqmKm
marose-4;HtwnJu0Zrdbtu
elthomas;ZKxJMORzOGhow
ftp-19;dI\'k*E>>m:SfXSD6C/ZNqEMowcBPdr
vagrant-nipatel;uf3sfrQe@PxzY
labrown;c4bLe-jad3D-DoOr-DYN4M!c-mULt1ply
dedavis;twwDPrRUwlqKO
anjackson;P2f9^v<\'9[WW)uq\$TRY$6L&zLxI@
kemason;TEDkbxQhHiEyo
camitchell;rtRwUe!!Q1tNx
mamitchell-2;WE!c0mE-sMaRt-HOsPiTADL3-dUCks-dec3Iv3
raclarke;moaukeDtdNCau
chbrown;HypNOt1c-HuSkY-Ar0m4TiC-Soup-DlINd
drsmith;RiCjGfonou!hm
vepatel;"lIZMxgTDW7SM""^q7HunWl8g_&<_w0Zu0"
salewis;=[urqz5C3=7<zZ-[Tzt+=k$&8ELrmAT
detaylor;uCsqUbuzfmWUD
thcox;WtWPPduGC3QrP
anmitchell;cHePhth1eyvVd
alsmith;Ab4ft-cHIcKENS-puffY-uSe-lEarN
brjames;PQwcecfyX0Ey1
rawilliams;tqakjmDTkYMKQ
makhan;"4xZ""w+n>KYl1X$nv?JP$J4zGN6Ohox]?>"
decox;HoN3YpaSSwOrD!
sojackson;sAwmz=Z2oOpGfCmF$aGWAU?N6![1?!&j6
beclarke;mIXeD-F0Rk-pREv!oUS-ScrEw-ODseRVe
stkhan;cYlFSmvZkDUj!
shrose;xvZULULD!gUTQ
blmitchell;DlUsH-TeASe-regret-tRITE-jeaNS
cecox;FRY-wR!TER-radI4tE-tHR3ATEN!NG-qU!ck
user-aljackson;ZDqtNoROsXO0n
brdavis;GuyQJtCMgX4tw
yvali;"EPrOJY3J`nn:C'HBRImwCgE\/(lSZ""*6@"
azureuser-28;quChpp!RAswwR
demason-2;!UCKy-oDt4IN4D1e-SNaIL-PRot3St-taN
chali;PbIzWZ*Yh1Wij
morose-2;$bu1Y@=0h^4vDaVYjm*f\0^L$*wC)7G1
radavies;0DSCENE-AGOn1Z1Ng-cU1tURED-uN3qUal-punCH
jilewis;YQDCOPdp*S1ot
crmitchell;REfL3cT1VE-s1Nk-am4ZinG-CRO0K-SERvanT
shdavis-2;maTtEr-SNore-f4LL-SCATT3r-sH!nY
jobrown;XE[G'ky<@mm6<QEVY%G?C0?7N-K6fode
lapatel-2;AdheSIve-pUMp-w0ol-d!G3st10N-DOubtfU1
jorose;pLuCDRv!ROUZv
lucox;HDjTRLxWTHRKN
lakhan;Card-h@lt!ng-4X1oM4TIc-3nERgET!C-G!oR!oUS
kajones;UjNFEySc1TtuH
iswilson;xFKUouEbADIsQ
pathomas;GaRDEh4tdiGkG
azureuser-rajames;NorzTgFQkTdIt
jalewis-2;AsgWtJCPJMFHt
jesmith;WGicsRG3iEV1m
brrodraguez-2;MqtDcUvOT*Ira
kethomas;bHvlXgE*kLRjI
mokhan;sTriP-GuAr4Nt33-e1@tEd-pLEASaNt-supremE
stwilliams;iXoiCfWnl0h*z
dajames-2;AnNoY-dOcTOR-Us3D-R314X-mIsCREAnT
damason-4;"$DM1PygZkOM07CG,ge+sZnIX6dY""&NLm*"
dualexander;UzyO:j6dnUBD<e(@xu#]/&qu3duU]>1_b
derodraguez-3;nehL[O,I_3sn@GoPuSEuiW\dYQf^4\f2
ankhan;ybGhyaKMeX!mY
jawilliams-2;cREpSEYUOXFkR
amjackson;M0uRn-arrange-s411-UN4rm3D-p0l1T!C@l
amjohnson;"b""J):!g0waTczP7`C@+@/F""vnqmk*cp<"
japhillips;4wVLqC@fw1YqZ
marose-3;`#C?308GT\vp?4zE]%W<qWaTvCWzq$R)J
alclarke-2;WgsmYQwHGzFJY
damason-2;OLTjcoSoxxNRg
cosmith-2;dUh-6kV92xd6Z!+?)7Y+IMOu%Co.sn@R4
mamitchell-3;dOnckGJnAJxDV
romitchell;DM[h(As7jX=f1cPCOue.k!zU:-&s?GTbF
derose-2;lQ*xDUDLwwcMJ
jadavies;1nterfeRe-fOUr-st3am-mEnd-hIGh-pitched
dijones;>Ht4ZwN6.E%1=8hu_X9w!XtaiOc]Y(je
kodavis;yzygCV1OKgkWS
shbrown;KCdNwOJffD0OP
kadavies;dDQGZDgCcDnOO
depatel;WpQxmX!dr4TLU
rikhan;@YhGCxWtK0GKo
majones;HoYWMVtFwTjVQ
majohnson-4;CuYcakFYygwcO
dabrown;"<xQCVg\>@lK3Ki^z)F+%/_e*<WH+""eHmq"
cophillips-2;RqxnZu0e!R@ty
leroberts-2;MGtbdY1GuwaRy
lodavies-2;sm*PIrmUND10x
ebrose;ngGQnoDz4tgIq
kasmith-2;z1PsIch4otkHn
kelewis;"R!y%T""/a4FI$(&Jzw)M-007oYdN#/@%@G"
shjones;UNIquE-SombER-RO0T-waST3fU!-Fo1l0w
dejackson-2;ryW$]s6KBuO@_$2[G/Y><8ovP/r&LU4rO
gecox;PLtegrvgMvpr@
oscox;CrowN-d4D-PEst-y4K-S!ipPeRY
user-sadavis;JkdSNCANDgG!@
tepatel;AqofEtFA!Nfw!
dajones-2;ST33r-fOrtun4t3-gR4NDMotheR-KITteNS-!o@D
jacox-3;df!%g_RIOpA@SPv04Jw70K[kb1F'TrH*
coali;yJcsXhfHJyS4P
stjones-3;sAPp0UirLJF!z
anphillips-2;"lqkd3cm>0xfaYo&K9q>""`esl:['M^N!#"
kajackson-3;%ip9&2pjQw2%X6>Mqhrb@:F/OoeK5A/RH
chtaylor;liV*cfmyzPpsv
pewilson;?>AG5'y@IS\Q]]/n`TEAN5tV[G!,H)V
gathomas;Js1NSSDkMUGuv
mysql-sajackson;GTk!qhtdwDRjR
tiwilliams;nmt1MhrTwxDcT
shsmith;ikFP4Yb1udrRU
leroberts;PerfECt-@dv3RTIsEmeNT-Four-SAcK-UnPaCK
juwilson;TVFrogzADTdeZ
lijackson;KvEIwUCvIOWYf
tejones;PTqbdQleNKXp!
krmitchell-3;HOWQSfh4QJXLY
anrose;@Dh3SIve-NErV0uS-mOlDY-S313Ct!oN-GRE@T
mawilliams-2;cxcCPMvPcL!CT
madavies;HAnD-sOOTHe-kN3EL-p4stOra1-camp
jakhan;MOT!oN1eSS-1ikE@DLe-DoTt1e-RoYA1-gr3EdY
lowilliams;xbGJCdfMFkscF
eualexander;ehxTnrysbEMGY
mawilliams-3;NghT!yCbklF1f
jejames;DwWvCDmh*rFwu
declarke;4*gMjcJst3NDR
anbrown;pFv7%[R+wWVFot/m?AFcv2O-`-Lc/^f\G
kaphillips;MenLOVtgpGtC3
jeclarke-2;SwEAtER-fAnt@ST!C-w1!Ling-Oc3@n1C-pOcK3t
bralexander-3;"ivr$0S(O:""=EaVQlA9+_zN.z`(uN""7P5K"
kamitchell-2;MvRQ%`>mk*w9AO<n=zF-1<tLfJy++Ecf-
krsmith;lOUT!sH-sTRANG3R-SN3@KY-@!1eGEd-PUbL1c
chjames;"#!""6Ja9,cLU?d[z]jSlR3]X@J#8`<g?AN"
ryphillips;h0neyPAsSWoRDC
tidavis;rEad-TH3-HOnEYtoK3N-D0CawZ@Hqtyp*S
momitchell;ARr4nGE-0DesE-TraCE-G00d-gRumpy
jiroberts;f@kEacCoUNt
edali;EDfSis4uQyKeo
esmitchell;Fq1aD!XvxvCOx
cesmith;@29z8x%OWdIA1)b-QUsx*vd7][)^H-7i^
jaclarke-2;TRKH!rd0zKnO0
evjones;HZJg0OGamcF!T
geali;FF*uYWcSFCk*l
ciphillips;)#vlV6sP>eF(TXR#fW=?/b7'iNv6\K[A
maclarke;zEPhyR-kindHE@rT3D-e4rn-Tr4in-!Ndustr!oUS
drkhan;MO0R-h!ST0R1C4L-r31igi0N-tErr1D1e-bouncE
kamitchell-3;@N@lYze-friCTion-FanTaSt1C-mAtuR3-eVAs!v3
helewis;EZ!WuJT*SWjQL
cajohnson;n0tE-m4ssiV3-F34r-V0YaGE-cauSE
chclarke;dESKX!EmX@YRX
dokhan;e5:c%3uQ6QGO=&g3&ELf]S'S6W&.fY>Z
rabrown;zKiihlINnpfDb
hawilson;uQW/DaO0FHY-q(n?y#3r'*VA1wa?\2'0
rekhan;tAIL-scrEw-decOR0us-P0ISon-bANG
ansmith;wH!mS!Ca1-he@veNLY-Wat3R-R0Se-QUICk
chpatel;3pKXVlHHxLtqZ
mijohnson-2;HObbi3S-4ftERno0n-FE4RlESs-she1F-c@ve
meali;JtzRhx0hqcs1h
shpatel-2;@pNKDPcnIFIHx
deali-3;sTIngy-E*tRA-sM4!!-T!3-rotTEN-Int3RruPt
naphillips;W1Js*XyYVHhwC
merose;HFkDdS!tZUxDU
jajackson;rEHKViQmv3uvf
suali;YMNlFzriCMYPn
shjackson;S@VOry-cOugh-stoCkinG-quArT3r-s3!f1sh
mapatel;gv0MMzfVygTkK
milewis;C!@m-un!0cK-r31Y-P@ltRY-STra1gHT
lojames;droP-se@rcH-MoOR-noT3-Gr0Und
dwkhan;:)x\CX3Qbva'QxOAq+3X0mA!$`UB#01qr
nithomas;_TqwmIM)`W<@5oBmSUBHR@5hA3'TVsWx<
brjohnson;Y3OvWzqDESHAt
brjackson;KfkECjz4ONUfD
rowilson;gQSMOwjWspuMj
ansible-kialexander;!L1-fated-Y13!DiNg-nAPPY-@nnoyeD-!igHT
trjohnson;p1%wSxG%crEjaV8:8!i'4)c]V#^b@x)ig
kecox;SHR11L-cUT-!!MPIng-DooKS-l3th@l
repatel;TH!Sisn0T@HONEYtOk3NRsJ33bnC
blwilson;TRaY-gR33T-UnTidY-v!3w-gRuMpY
abjones;wai!-pAIL-cred!t-1@Ck@da1sicAl-stAMp
vismith;LWh!IR3jfCLtq
isphillips-2;"->e+J%37<..IjDF!J?hT6Ez""a>""YU/i?z"
realexander;p(l8M'P<2e*p_h@vaX9'HQ.A!q'rWuf&
jasmith-3;\ZCab,,Oq+2%PW,<^sTeYu]/,nF^SG!BE
auclarke;gRoUp-Slim-@MUsed-Pr34Ch-gu4r4NTEE
eralexander;Hq0ULESrJwfFJ
asjames;YEwM3kCwkc0tC
jasmith-2;C!Umsy-cYnIc@1-P@SSENgeR-@TTRaCT-cOnTiNue
deroberts;yzFN43SFlYDmx
kawilson;,re9#H+PH%JL-d1_i_y5YGY*by1UE)dA
shjones-2;N3ck-aN1maTEd-D1VErgent-HAng1Ng-ODt4In@Dle
hokhan;vNKFzjNvrs!YT
jamason;qfVNjURiFDYfg
dasmith;CqaeTFGdUSyvw
judavis;KnXyDrYQMMz*X
sialexander;nnFkj4LE1Uerp
damason-3;Sc!sSoRS-redUNd4nt-pR0dUcT1V3-HarD-t0-F1Nd-irr!T@TiNG
nimason;zZJwpIo0MH4Tz
lemitchell;DSmspCWAUi3Kf
cadavies-2;iLhYRUDxarTJY
mawilson;hjFjzbWUDNYk!
jawilliams;DvSfQVCRrNYwb
daali;ArT-wRy-DIST1nCT-TE1!INg-TEST
rolewis;iB_m*#I5dr'HmaXGX/[B9E`NkP#0j7a<R
info-bubrown;XGwYtu3aqqCFf
mecox;":7%"",M$j$@Royq=qeHUZs-X=j3>CE'`D4"
stpatel;unu1m4WCTWoRO
sarodraguez;KlQnzkKOCMWeu
jocox;eoEUyZ3fQJqcb
cadavis-2;yDdpDnnyaT0mm
aldavis;eMDTvZQIM3rRx
drmason;uERAJqgZVFzwJ
joroberts;"n&E=vuolGpJd+""&eMURWrPusOre%+3uzq"
majackson-2;"!=K!6K?!=`APV[Wh(de6pzRXe)_""V?_u"
jeroberts;K^4^EoUWOGBvPaM@&j`'Y$:]?3[&,U1D+
niali;wcGLkQzNVhr!q
dalewis-2;D1rEFUL-SOGGY-nUL1-dAMAG!ng-uPp!TY
krcox;SPOnGe-R@inSTorM-DOub1E-4CTor-us3D
maali-2;-*_'@%GD_aVb<QzX.JKU88ZPdcr%f+qOI
bralexander;tIJ3g\Hy>tU_,)Nm^?kNnE1d\Tv$'tX+C
guest-dodavis;pxYyHhk3QF@3t
ezdavis;jf*qyIlpROTij
jelewis;shUt-Fl4wLeSS-D!s@grEe-stReEt-D@sE
dajames;abOUNDiNg-s!CK-D@Shful-PUFFY-TruCuleNt
rewilliams;WeLL-m4D3-plA1N-UN@bLE-GU!!TLess-s4W
edwilson;tH!S!SnOtAHoneYTOK3NrTcrYshD
humason;wGMjbjeoTqrZp
camitchell-3;'^)owE_k1v[9oUhQToUA/+`@p/Qq%@q#_
erdavis;jyV1MkRtjYGzw
tymason;ljVGsQlwudj1N
coclarke;hPWjXqMsvjWDR
ulbrown;lOCk-cut-moUNT4!nOus-sT4!3-AbaCk
jawilson;pHgJkigCkNHuZ
alwilson-2;M@rRy-P14neS-sE1F!sH-kiNdh34RtED-DuCkEt
gibrown;Vol4t1!3-RotTeN-L1MP!NG-W1nG-M4JestIC
shali;*VGJEtafDDPeX
asrose;1OVtGGhNTb1xU
loroberts;Gjd1vUfwWLGhd
jalewis;"OQsk(:""D!et^Q.^`0hFpr_k%7`x3K)8FA"
rebrown-2;nrTTDHmUbwPSn
ftp-lutaylor;h0NEYpasSwOrDt
jemason;oNBtuIT&TZE$FaCidbG![*5f?jvz>1(\
mysql-20;S1nZQwb1vvyNp
clwilson-2;MNUXstGyPzzNP
frlewis;3MhnKhqyFhEjf
depatel-2;DTWub*JqD3OfW
eljohnson;VUkSh6d2VmvVYWo0$4$z6<(7\Fthf3nD:
jajones-2;D@bi3S-HaNDsoM3-fact-m4jESTiC-Dlot
jidavis;4@rJbeTsqnahM
guest-stclarke;YstOZ1vnpLbmw
riphillips-5;mVybfV@4rKJDu
dyrodraguez;AwwESnUofDWld
trrose;0scnZHm3*vcH0
iskhan;UNWIvKokdwCjs
lithomas;W1R3-gIAnT-R3LY-DAd-fLaky
hurose;4PdRmtP0nXttU
camitchell-2;yEllOw-FRy-cuRT@In-Nasty-S1NK
majames-3;!Ub!@aGRprkeR
cabrown;SITeMbYcWPmrV
cokhan-2;"-c5B)iXkG%vzoG$,%*+Gt,e8_\7vk""5k2"
anmitchell-2;CkFPYChWpAxDQ
dajohnson;f41Se-HEaDY-fIrEmaN-ROSe-0sS!F13d
mawilliams-4;3TgKLDgULWklr
kyroberts;!OH.fE6SdUKPvqu]/,qBb(`J0,>F+P=<%
pawilson;s1FkDb0QPgRSH
somitchell;SHSrhU4*aSPGj
yeclarke;DvmrykUj4nVvf
anpatel;wOrP3pmJaONsz
vecox;D1fF!Cult-OPpoSite-sL0PE-sCO1D-mug
amkhan;pKUYFtMgsTyde
cismith;puMPed-ProFusE-valu@DL3-MIdDLE-LAtE
rathomas;rQcv4QAUOJVeG
adclarke;YcUJQGiowqNaH
blrose;ru*pRCPGLqqNG
mamitchell;GpkMR*SYzmQfj
alroberts;ENtERT4iNING-gRuMpY-hEav3nlY-F1n3-hUm
ruwilson;TrUcU1EnT-gAINFu1-obNO*1ouS-dE1!Ver-ADm!rE
gophillips;FDnxPUzeE*Tw1
licox;HulkING-tAbO0-1mp0RTANT-MOUTh-hE!pFUL
lorose;C@N-1ne*penSiv3-stE4M-narROW-CHOP
mabrown;iYMRwzvmiEVUl
cajones;fXy@EUVA!gDDk
gijones;viLnfVxGJzSij
amkhan-2;nwWFG1NKKsmDf
adwilson;T@D1E-ShORT-PaRt-ReMeMD3r-DEc@y
wathomas;DArD4ROus-w@Ste-b04Rd-DENT-n@UGHtY
bemason;yraUPZyhFREWv
lataylor;PUNCh-d3T4!!eD-r3prOdUce-m@sS-H34t
rowilliams-2;kmct!XNTqSztv
limason;DUeYTFI!N@y4x
rewilliams-2;!CY-mIST-uniQuE-SoOthE-beST
arwilliams;gXNKHbtNpQxy!
jeclarke;0VERWr0Ught-M@RKet-bEsT-1nnoC3Nt-MysTERI0US
daclarke;CHANg3-e*Amp13-4DJOiN1nG-prEpaR3-SnOr3
fadavies;@Tft:qi1RMXn(()X[/E5$xa)CL?Z/[,$
letaylor;DuTT0N-Prot3ST-oDScene-ThougHTFu!-rA1NST0Rm
cadavies-4;vsVqzQskPUGEp
pawilson-2;&oSz)&dA,TW=Fu\?`uQC%7)f9<Nruu75
pirodraguez;wCuOpHOP*Iwrq
larodraguez;Tip-SUSpect-0Dn0x!Ous-h4PP3n-hOSp!taD!E
erphillips;hT0ZPzV0HYDEq
ripatel;RCqqD!TjfMCHZ
redavis;cOnFuS3D-SC4rCe-p!qu@nT-wr3tcHed-wE!!-to-dO
aldavis-3;UMYy3HIbW!wLP
lijohnson;EDuC4T3-F!sH-gRE3dY-d1RTy-Sn0R3
locox;qU4RrEls0ME-pI3s-cAP-bAwdY-sqUE4LiNg
shmitchell-2;WucHVuRRdK4dj
romitchell-2;yaYZvFn1FS1zm
cadavis-3;ht3Wboicwbj0A
gedavis;AEz6z:xZ^7@$,c@0W(WB8]$tooc5E?5+
jathomas;D!uE-EyeD-giddy-1IV1Ng-!NFamOus-orgAnic
shthomas;CHE4T-WE!GH-fETch-d0!ls-3l@tEd
teali;axuB**!xIL/h-1'rS#nMy_W@mlg]I7zq
vilewis;*KfTZNVpw3JRY
hebrown;qu!cK-h4rSh-WIStfU1-InCRED1bl3-n3ED
hujackson;M)C,mmkR%-<#yQzvXW<@2Rt6.xVlwMY^
brphillips;4NwB9hl6M^*Ql3gp6_!(,qw.8a.(+eU5
kodavies;p4oCJfyAyIb!y
niali-2;"?p\pXYG""H-&s@e#<[q0yDt.Z.bK/Ap/Pj"
almason;jkZwydctrVzbn
roclarke;w1gG1y-LOuD-lETt3rS-FE@RfUl-Ho!!oW
lejohnson;D0riNg-!eFT-Cub-TR1CK-JA!!
cupatel;thIsiSN0T4HoNeYTokendtTjY!wq
dataylor;"h""s8_8j""3\2J2&$]iIAx,!t+QgdqvQ$&b"
debrown;RwOtzhhmdPzps
mimitchell;HvYTOPDwVSADJ
azureuser-53;Sd1:2@Do^dZsV0dqc]@@qC=X/y?D1CC/Q
sajones;Ntm1%=nsi4qs!Urxqb&Btz2$^I5<9!s[0
cldavis;he*uou1ZafN1l
jolewis;dXvmEYS3iHVSe
taroberts;jNtzbq/YK_s5xpp>8s(!2m#jv>p?uhuu4
brcox;SsmJU3bDVDXW4
kepatel;eJ1Vf3QwHUVJC
marose-5;-NZJP&1OZIWt2sqKI&hX&Q2\ly>=921UC
raali;D11FeDAtDRGSO
esroberts;c4Use-Mine-hOnoR@ble-hUSky-pSYCHOT!c
trmason;HlQAmVa1FVzhM
domason;To0THPAST3-Zipper-stRinG-C0Ver-@nger
samitchell;honeYPAssw0rdm
rocox;TJtORxIdGtNJ1
grmason;r0DVgsstzbLiy
test-19;PaT-GiR1S-!ntEllIg3nT-tr4I!-Mudd1Ed
timitchell;czgj!uJEVMJDb
caalexander-2;4TTAcH-S4lTy-ROS3-GuSty-fIsH
tialexander;FKPmjVXnxvhZD
alalexander;ZCL!SmuTqyNVy
nataylor;G1DQYyfz1*dYl
vijackson;OHfkDSloIkHSW
cophillips;34TADLE-WeAtH3R-GazE-1EGa!-reGREt
incox;*ZVFiVAyqokRc
cawilson;M3MoriZe-w3t-SpACe-g1EAming-1RRIT4T3
hewilliams;qZ1zRYUxakF!D
rarodraguez;"@f#XB%*a&wEgZNHh?*b)*GA!""X6%k$lw:"
likhan;(tt]+$QO>82g&u4zzEkz@t6`3<i+@5Z5c
whclarke;CYzjQXWstnfEq
loclarke;NAm10UkDJyDDl
jejames-2;wGzuUoAmdfWRR
cocox;hOneypASswOrdD
badavis;2utdbhlx^<VR8_vUwT1a!Enf1*cle!dM'
lamason;Sqd>Q:t7dF7XKor9ZYDt')bpqJwHFjF5L
jarose;lKeQE!i0PbtqD
shclarke;fAKEadm!n12
brbrown;%:!s,C[)Rqn@\KzPoCK+0R`4bvd-h:p^1
riali;pLEaSaNt-l3Wd-r@SPy-G4UdY-FUMbLiNg
lyali;0slgHyXbCOAvR
deali-2;OrdRoA*11RY3V
dethomas;l8>o<Q78P*3SgVd[8XNI=\@eOI-KdkQOy
cephillips;NImb1e-SPotty-0FF3Nd-SIL1Y-HunT
darodraguez;1ikkM@RgQ3zzx
bralexander-2;F@K3@Dm1n12
shali-2;y3JVKoQIvA1@G
huali;.ckt#tA!\%uW9Gdi5$Hk(0!_&HXo\si,%
cataylor-3;w1ndOW-riCe-1nV3Nt-DepEnDENT-MeEk
kajackson-2;knOWING-fo11Ow-riGid-bIt3-siLVEr
maroberts;sQu@Re-ODs01EtE-CEm3t3ry-Ch4NgE-h0DD1es
dadavis;foX*zgdUVwJ1G
flphillips;hxfXyurWAoPcG
clwilson;MyFsmMJeGShEE
andavis;craSH-bAg-uNARMEd-S1*-R0MAnTic
jealexander;1!3-ReM1Nd-UnknoWn-RElAt!ON-AcCUrAtE
igjones;MLuUo!ZtOJmgD
sismith;s!CK-GUtTurAl-!3Ttuce-hAng-obS3rVE
marodraguez;kdsDvRL@!J1ek
kasmith;DpD1bV0sIgYyC
aljames;h0S3-sAV0rY-bOrDER-bL3SS-1eg
tomason;3mPdHFbVdMSay
oracle-jowilliams;uN!Qu3-upp!ty-acoUSTICS-t34m-3*oTIC
wapatel;skwfDTDCTVDLF
elcox;yH0XJbDvvfZGx
derodraguez;vULg@R-RitzY-DReSs-SM31l-Jo1Ly
suphillips;UvlerbynyDceD
shphillips;psHwum@debkdt
trpatel;oD3cRFdMHPFKd
cecox-2;yTevuYsidHd!c
lujackson;F@K34Cc0uNt
demason;YDDotQNnVvyDk
irrodraguez;S4ZCHv@mUNWEf
dijohnson;bSYG0zzbNZfxz
dedavies;ItK,Hm(MooX!S2apC0&LLmz^fUVopex&
keali-2;XLYVcnr1o!xqj
oracle-mijones;tErr1bl3-3recT-uNDErStO0D-4!Ik3-Gr4Y
rocox-3;ixg3NNq@KrQm1
anali;Sw1TCH-REc0Gn!se-CReAtOR-c!@ss-m4RKEd
dowilson;T3STy-THin-StovE-N@UseatINg-chECK
gedavies;O<^p]N*Tw8(9,T&drE(gZuWt?j>_Vk)(8
krbrown;h@ND-g!fTeD-traINs-m01dy-gr!N
kejames;stXEhVbEbbgXa
elmason;hSnqRRDUtpD*N
cawilliams;jaM-PUN1Sh-LimPINg-dROP-S1gN4l
chjackson;u?=4p[v$G_bPOiY^'H.@<mxG]cK:\j0-t
paroberts;p>MCD)Y[f,tHVE-])Jd_HEj@fK]kQHZ%
azureuser-0;MJCCDD!t*xcyg
haphillips;@9B'a0TnSOKtIkBsh[nywGcQ#m`I,:Qw
irroberts;1DkVDQNpCnSxX
test-leroberts;onkyFC3qE@YRY
ciroberts;prOUD-SNaTcH-Ro@SteD-z0om-EnORMous
rethomas;6ihgzJ`pm)87-WGz3SlRTFhqp3<n,&8,9
cathomas;"8BOI/u7P2pYMH-yMa(20gKy1_S""e/sPUf"
sodavies;HanDlE-To0ThbRUSH-cUr3-GIr1S-WOrTH!esS
vipatel;sHE1F-TemP3r-D!Z4RRe-LYRIc41-@nN0unCe
sakhan;tmozSuWSU3DvY
dwbrown;a4zfmdkvytarp
grkhan;CfrwVPdfV!vFO
jaali;tFtJejA1FPMkK
joali-2;rEAd-tHe-hon3YT0K3n-doCbvsW3pz!RcT
vapatel;beD-3VAneScENT-Act!oN-RAINsTOrM-st0M4CH
chroberts;A2iZ[[iKwauV$12]ARswyBQU!TV:/z_,
ahroberts;XCFCgDrqajjbW
jewilliams;P3tiTe-b31L-RiCE-MoUNt@!NOuS-rinG
elwilson;r3ad-tH3-H0neytoken-DOcUfDtAQoHj*l
rotaylor-2;&y-l#$2:gycOtx^hWXMqbFyf?XGVi,K\
jacox-2;zq0JqwVqFWamM
tybrown;ibDDHxPnDDrG0
edkhan;CH1V4Lr0us-ChAS3-H@!f-h@IR-P0rT3r
kelewis-2;DXtmL&^BD1N1%-!:UzP1Zt+bi&P%i>9LL
kekhan;TbkqRgVvZnOGk
shwilliams;wXU7U$*NGUm!#0U`#.X*J1'clGf<RIcGs
dalewis;csEwtD*xSQPC3
lawilliams;&&\DhuQacOFwpa\jR,NLua@M,W%v8)_T
gealexander;sW!nG-s4tIsFyiNG-GRO0vY-CHiValR0Us-c!@ssy
dacox;QidkhJUXkttkj
pamason;WqDe3bjySCCAD
rarose;lYr1C@l-soLid-iMP0SS1DL3-sm4RT-aCCUrAtE
erpatel;k:=3-5Hoxny4<\qX8)FF&NBLQ5kP<?'%O
stbrown;duVpkx*sYQmZV
brali;tKJ1mYgOicHoH
dedavies-3;]9av#tSvg[*-I,s/6G5.,440qf/lg[7pA
dodavies;uDkK`%thoaSOE:z.KLyqrO'+1CQnl@d/D
auroberts;secRETIVE-F14T-eM!NenT-GR!eV!nG-peCk
tidavies;zZkWjtqUqosj0
mathomas;NUZkv114LvJFn
aralexander;wYLj!HTHck*rn
carodraguez;"ruhU<a\EDx?N3H$anl@[]:JOM/&:(O!""i"
jajackson-2;err@tIc-mATer141-wRIgG!e-D!RtH-rem@1N
laphillips;kt&/4H#M#sMhwuI$<+ET7qK$Nfr5KggFv
doclarke;KwDIbnbhQ0hOZ
kejohnson;raDbiTS-f3tCh-W0Rm-GAz3-DuSH3S
jedavis-2;"A`Cjkj%CxZ$4j?U@+P""O'_&Ive/yT0)fR"
dojackson;bhbvt0RpxzpGm
sasmith;JDMKP1feDXNLb
ahclarke;NiG'j3gM939]=]qhbW,U$2'PzfBMamiF
ruphillips;rObst1G1otPgX
viphillips;ndvQIugrcnZmv
metaylor;yak-hOUses-GR4CeFUL-suLKY-Th!ng
hejames;KUMvERaKWgWNo
wewilliams;"TVCQJVGc.Jb^""3k%a[vh8@&^?$zQaZ@s"
atrodraguez;F4DULoUs-F!R3maN-dUSt-bR33Zy-0Dtain
dismith;d1sL!ke-@Rt-bOIL-shape-ch1vALRous
erjames;tdbcwKjrsMY!S
nakhan;Lcpn1MEKXrJgd
brjones;GymqxGV*MhJuF
kedavis-2;@Gr33mENt-wir3-oCeAnIC-resT-PO!!UT!0n
chjohnson;MKF!qpbOx1JnZ
alalexander-2;sPotLeSs-FAiR-wHite-puDliC-D!iNd
jacox;3OtdXMDf1TTNN
kewilliams;H0me-graSS-sta!n-yOutHfuL-sTEaDF@st
shbrown-3;"(P""bd<,9)L25F!f**yG<UE-lvr+QbF?E6"
seclarke;GcksMrOj0UGHD
jodavis-3;"1:fx%,+Zni_?DD""Yb=EY<^cPm3L^b-A\"
yvkhan;OZPjIPwNhSjrf
chtaylor-2;"y6ZWgK?f[fb<3qLPwnVe""+4""a3A:U)c8$"
trali;CISOmRpobG!Dj
audavis;wRZrWGIUkyCqR
rotaylor;B')%-:,*UUV9xX6xK8#Jry\j\lioCv^
althomas;sh!VER-0D3s3-mE3tiNG-M4NY-!nqUisITiVe
joali;uKDPWyTmmjnWr
lumitchell;-qcI=h8t4*zWu?_ucxpy]Xo3^nyLNg7a
amdavies;RVKNkxinXSDE*
cataylor;GMUDImt3t>_.o7EEhaU?3olCU5-5^lCbd
bijones;vpeyWuU0DUedH
tomitchell;UvS_#Us8-yhc:7nKma!-tCSAd!K>V)Bc
mapatel-3;CCWHhD*yGZ1!k
wismith;hCJNpgRuWi1wf
jojackson;mTGqrFWTOg1hS
test-anclarke;HonEypASSW0rdp
chdavis;T0p-MoUtH-d3eP-untIdY-erRATIc
salewis-2;uscehhKZSUDPp
trsmith;CUqVDh*NALVcP
ropatel;KRmxjeCMxjKod
kerodraguez;Hn$'Iye_l%7[:O,*!-=6\ubj]DPV!qWZ
elbrown;PJNePorFvKTMs
brclarke;mEow4SKZNQ1NI
sualexander;Rp8k8c+(Qz[#PFjQnnT$J<7BQ/4]FTs1^
brclarke-2;GidDy-p1Ck!3-3GG-MUrDeR-SN1FF
lecox;F1DTILdjwwrtv
frlewis-2;uPAenreKUG4JP
jadavis;tTQbjDYWRegPA
rocox-2;aD4fT-c4g3Y-bOriNg-D4UgHT3r-3Mb@rr4SSED
rapatel;nLC>Rr`3_%X\R<.9/'yvU^D)\k$@htoO(
jewilliams-2;CZWAcrjDZd4dw
elalexander;!UnCHro0m-faCT-PED41-Ap01OG!SE-cHiCkEn
palewis;PErFoRM-FAcT-SacK-KN3e-DiGEStioN
marose;UUGZMpbkn0CKC
rowilliams;nrbJAQO3@0nor
aljones;OjxI0zpGyDtCS
dawilliams;"I!%%hL""Jn04dqWirG1[9vTQ""4bEACs2Qy"
vephillips;TreE-sN@!l-3Nt3Rta!N-prEP4rE-TrAMP
virodraguez;"v:eI$VI)Cg[P4C$HKeFsJISG`)?5Eq6G"""
kipatel;UeRmIYpMR*cO@
test-3;UmZWUt*ZwiLL@
jolewis-2;!TUgrGgOxbPKt
jataylor-2;y<D9v75K$^-=ukzZE1s2x2U^?6./fqj?
alphillips;zy.'X0W'?B2]<qO#ef1lo+R,C`k[%4gU9
roalexander;CJrrL4yKQ4CGK
dedavies-2;"DZ@%Jbbd8p@3G,wD-Cm(hFkq""Q36N_=62"
admin-lilewis;CwDydHrVW@juR
lathomas;J*hvm*GrzICjn
sejones;"YAE!""<Lk>GFCHLJP^(jMTjs5t$Tg&I-tZ"
bophillips;fEgTqca*heaCb
caalexander;xoJzMHCUrIXvR
saali;v-6&+W,n]&QsSUQRL?y<h3?h8'HIlEZA
sephillips;uNp4Ck-thaw-rURA1-v@nish-@CT!0n
chpatel-2;j4Il-sWe4ter-FRAi!-gL!sten!ng-f@Nt4STic
guest-dajohnson;4F=wb]AzhW2\1u1%K/MZk9'x_edQJt+
dojackson-2;spICY-Ad4pt@DL3-bRe4tH3-st33P-sC@R3
mysql-14;jjvqeRcRffKYF
lakhan-2;RvsKjkkOGufmc
hidavies;"(z)t^:P4Y^qN/c<jL!""V2!1yWRK[n29J"
jawilson-3;THlOHDddto*N3
jualexander;RJQdaPDyzTrjS
puppet-71;UZSEg!Sq0sKJ*
jedavis-4;9x4ifswlA%EaasDC_2g#a$?D_yFDpRv&'
jowilliams;HgYapZ@onbOcU
dodavies-2;%UUOzvztO_N+vBu87wKX)KaE%mr.tz8
kyrodraguez;Ha1RCUT-po!iSH-ovERF10w-jEw31-ir4TE
fawilliams;F4Ke@cC0Unt
gecox-2;"]QL5c#4>*3O""+Qg_kUp_,s]6f&(.oFt""C"
dewilliams-2;adv!ce-me@t-C0nCErN-Dl3@CH-r3PU1SIv3
alclarke;QqG$yI2.Uqd!FawP@l#!u@Ee71Bq(#u=H
frrodraguez;TW1G-glAss-T0UcH-DE3r-1eft
mismith;secR3T-p0T-F@R-f1UNG-WObb13-sucCeEd
sajames;t@roEkZDGbDuN
anwilliams;UDmrPYTih0pdp
mipatel-2;kKtXGxZLbDOGi
vagrant-cokhan;TV1GbmUrqdCcQ
gipatel;Z3SojPKgrkxyW
strodraguez;"0XzZWgFDN(S`(.\Kgt4<J""I^Vo1MY_X3"
cacox;h!johunVt*scV
andavis-2;F4keaDMIn12
pathomas-2;b7X/Y]/q,dfJN3t'JkY)9OO`\$TQ.pU4e
elkhan;INconcLusive-R!ghtfu!-cLean-PIgS-p!Ug
iaclarke;bgTwEYCotuDpO
cadavis;NeEd-DR@C0N1aN-H0spiT4bl3-zInc-D3!I3f
kesmith;HONeyP4ssw0Rdh
kumason;NSJ\!$<EN?!V=AVo'-lYI>prf_<F1[SC
sojohnson;sQF&B&@hn3DR3A>kwt+T_7?=CbgF`x+nA
jojones;aXjHyRgDtEpqX
masmith-2;FAK3ACc0UnT
jataylor;"k(yHW6M[[oiL[0JrKvDva0diYg*Gh""b32"
beali;rlGMYyocPuC!0
moalexander-2;rDohvvfGcMzPi
brmason;SSnmPt4tyvZ!!
kajackson;HmuyYdCtNhD!W
artaylor;@uKkn!bDXbIFl
krdavis-2;M3!ted-SubSTANC3-aGgR3SS!Ve-courAgEouS-F@CT
mawilliams;!ncOnClusiv3-sPoI1-E4rTh-sYstEm-RISk
cacox-2;Zu!3UVCIZPFUN
yvdavis;uNN4TUR4L-StreeT-dApPeR-pR3ParE-WReNcH
cadavies;"<u-Ci(8kf[]`b=nkb#EoVqQ$H!BOY+"":6"
jabrown;"N!)v0%m4v(TBm7v<w@Z'.w2""+nM/!]cm)"
anphillips-3;sXxeFRopyssjr
althomas-2;w3[thrCj7kOU9Q3AGBoGg@KK7N@c^/FT
brphillips-2;@RqFZzqvInsOK
jejohnson-4;GArrU1Ous-T0m@toeS-PUZZ!eD-r0AD-J@GG3D
isphillips;%1WPd(B.9YLYk@d`ADREVD22[d`P]M*8
cijohnson;zHWGEkKTUTpNf
bukhan;pJNzPVqRDeqr4
beroberts;f3ZrNjnNwduWT
mialexander;tROldZshVkArp
vidavis;4QD*sgcxIIS0D
dubrown;*fczvxvhftKp@
niphillips;G<Jo7.]9I-in=BAl!,lMJl2DoY+=r]?
brrodraguez;4WZGWU*1NW1Qb
pasmith;F4ke@CcOuNT
clmitchell;ysgTyDVC*kzD3
coroberts;f!SNHSS1ZjtsO
emjones;ry1hDFvtFp30K
kidavis;Xj5wW[I7+C-R]qz`sf)Pn7'.exkv&XO<j
bewilliams;nCkphMGIM43x*
cosmith;hVh!yoZCD@SxE
jejohnson;QvvDW4OMhTmUW
brroberts-2;TACKy-L1tt!3-P@RAll3L-G@PiNg-suDDEn
wetaylor;bl4PnjOLbvSmn
masmith;i%_:Oatt`jJwire]sD94]Yc82L,q`JH>?
ocrose;G10Ssy-WeLL-0Ff-S0rDID-no!SeleSS-4!!kE
oracle-rojohnson;0rUgKRhJ1jeAr
codavies;tOp-Nin3-suggest-C3rT4IN-@wfUl
jepatel;Yu1PoDHdDmcpO
grpatel;PwLr4dGwGg!OH
laali;1fIbEQlRMRsIL
anthomas;TcDdHmr3L3vfw
shwilliams-4;p@NPRrgZOuMFI
igroberts;[`d[Mj/-cK0`NX?fBwtaz99-^vndUg#V)
grdavis;Pizzas-hYstERICa1-E!1t3-r4DDITS-Pr0TeST
brali-2;R3POrt-QU!lt-GrOtESQU3-e4GER-InTeRest
moalexander;dTvVjaeCdEGMp
chsmith;ng!PHvQJyDPsZ
jejohnson-3;D!tT3R-cRu3L-3XOT1c-acCePt-1nClUde
jamitchell;"f#:hI'%^$.z):ROIH-#""iu\!Knrb!K_ut"
dolewis;NUfvDDxOgcfEP
amroberts;t1t13-wOODEN-r3@!-fAir-preV!ouS
efdavis;tKrEdtFlJV1kr
notaylor;"M%aO(#a,yT=55#jtmYI.79_kMQk&<d'V"""
lapatel;rZmQDmkWSPF*C
lerodraguez;t34ChING-InCre@SE-MaRrY-d01!-S!Z3
arali;1rriT@ting-c0MPlEt3-sootHe-m0aN!ng-stRENGtH3N
derose;O0GxPprcILzAN
brthomas;*SrqNQVaXmPGt
ahpatel;=91Ke8)(+ZtpL_+0UX$-<tGFcxBV@`Pg/
enpatel;1r@T3-@pP1AuD-HelP-n3EDLEss-FoW!
lyrodraguez;3wZB@TK4!NciFPpj2tP]J2k/vG=q=r:>G
vagrant-9;qtk0HGVnjc0m!
drcox;PRPzgVKspfJYa
osmitchell;m1lk-SWEateR-InnOCenT-FlOCk-SP3LL
majames-2;5oO465S3$=R.5$]=knrJt5p4xkMXt`Uj
wywilson;TH!S1sNoT@hOn3YtokENUrT*Zq!z
bethomas;d4M4G3-FrigHtEN!ng-STR!NG-De@dP@N-3NCH@NTed
brtaylor-2;qUaCK-SW1nG-34sy-bENEfiC!4L-geNTle
huroberts;aODtiWvuWUWjJ
jejackson;We4!TH-teaCh!NG-CaRt-h4MMEr-@fR@ID
majackson;B^F+b<14&4R$04AeL/mjTr`j']Yziun.
japhillips-2;Int3R3sT-r0UtE-C!OTH-bett3R-pOwd3R
emclarke;desERTEd-p!pE-t3EtH-ST0P-cO4cH
lejackson;"o?,ZI?!""Ov=44gUbZjw4u)Ixs]d9GBhE"
shkhan;yFpdDRHDT*cID
lajackson;JHTDvJ*bym!NF
jajohnson;gr1P-SmOOtH-m3SS Up-GLorIouS-WAtER
kedavis;tHRebzAQpwJEx
retaylor;g-Tw0SNE[6,%%0.x1#,,i^lo)aD+cAXP
tralexander;pm3DmWVHgCcMk
cokhan;y)rrq9&b%OuTNAO?GpKY&6jIw:XQ(EvW
kamason;r3l1gIoN-rAc3-CraZY-N!NE-LunCh
aldavis-2;NUtriTI0us-MiND!eSS-d3sCr!PTivE-P4n-OUTrAG3OUS
jabrown-2;@VeECjHH1eFhJ
mapatel-4;Hbn*HcXNAdJfx
alkhan;cKNJD3yFqfnM0
kadavies-2;1y1@GL6#qlkghkj\mIEmZK#N^STWP8B)z
tophillips;roTTEn-delirIous-PHoNE-SUDtraCT-suMMEr
mijohnson;p3dAl-overRATED-D1!NK-dARE-tiGHt
majames-4;R3DEL-giDdy-DOLt-GeNeR@l-m@Tur3
issmith;JhH,NVpy![tS'(pZ,7TMY,7OWA-tj\7(
chjackson-2;Re4d-THe-h0N3ytoK3n-DoCwcfPWLuUZDR
krmitchell-2;ShiP-P!pe-M1N0R-jo!N-F1Uffy
samason;s!ytDxAohRvVW
jaalexander;"=gAV"">'p,5'.T0P'M!Esq'nNG!q""K[ua"
trmitchell;PaniCKy-b@s3-MUdDLEd-JOKe-Gri3VINg
jodavis;st1tCh-mARRI3d-mEeT1nG-T0Ad-!!NEn
bebrown;so11D-Organ!C-ROcK-HoRSE-SOund
harodraguez;s3CRetARy-MAdDEN!Ng-Sk!rT-W3!ght-jUMpy
prclarke;1jjTew`iY`Vle(&.M]ZA1dZom('C(gI2[
rijames;zhDHxewfUeqkr
cudavies;Eff!CaCIOuS-pink-m@jeSTIc-onEROUS-M4id
gawilliams;juDIC!0US-raT-sTUrDy-Tr4nqU!1-aNN0YINg
arjones;m%)zF<G@V:B!-29QhMU)If*\vKc^m<'/?
guest-24;JOThPlftsZZmz
bemitchell;DgFNasfVx4Sz4
elthomas-2;T!Ck1E-TeeNy-tiNy-curV3-f4rM-W31l-madE
labrown-2;H0Lid@y-ATT4CK-coNsciOuS-MeD1C4l-MEDDle
jijackson;knVyzALDVMqHu
eralexander-2;%8.CX[C/(ofs9Bin/!FLBR8U^1We6s%N
tedavies;3ISoQpMFHNrjT
shpatel;b@TH-quizzICAL-sUgAR-c0nsc!OuS-3NTErTA!N
maroberts-2;Sn1kvGNFMDtt0
nirodraguez;KetT1e-NiGhT-Wh!P-b@t-way
majames-5;iFr@T!dksWzF@
remason;sPFyrI3bqaZMl
ladavies;nwGbmPfPkDc*d
brtaylor;qUARtz-Pr0bAb1E-Outr@G3OUs-o@f1sH-ZepHyr
nawilson;msy0mtrcMORos
ancox;gir!s-cO10Ur-G!FT3D-b@by-p1nK
wimason;w@StEfuL-@1eRt-anx10uS-W33K-MONkeY
maphillips;DrINk-Fr@m3-uns1gHTLy-sEcONd-N4STY
masmith-4;hjuItG3fYwhPm
jejohnson-2;+K'S2_H(wG-WZNvmS7*c'7k&ZouV3ZE#.
detaylor-2;PcSiPrCEy3n0V
lorodraguez;i1!-F4teD-sHEEp-YAk-s0!1d-V3!N
arjames;qcD4[:e9n>k@x)C&wf]1#XB](!m5iYh\?
dajones;E@gPVs\+7#l]_2Kdi5sxEOXugY^nm#T+.
masmith-5;sOF@-hOSE-WrAtHfUL-squ3ak-OiL
elali;zq$[%9I@pRx@dEFaEKE^jJ#sF4l(rQ-K
chjames-2;hON3Yp@sSwoRDd
dawilliams-2;!RjefzwWakScS
hasmith;NO`Rr]*V[sDU^:[B1V^FsEYcB?*Y)91yW
capatel;ND6G*z0hMR'5b5AO7A#/VRHn:=pHu5J-1
alwilson;cRIMe-outstanD!ng-suG@R-nIc3-AttR4ct1ve
elsmith-2;ho@NYTKknKKRy
tawilliams;TH!S1SnoTAHOnEyT0KENcRSgohMC
dasmith-2;!HdzgdHDCTMdR
wekhan;YounG-DRief-abH0rrENt-SP1R!tU41-k1SS
niroberts;f!ippAnT-MUDD1ed-f!aV0R-toOTHp4ste-Dr0wN
anrose-2;*mw@XtMzhm1Za
brroberts;gUrG*Y1EJeySP
gljackson;ekmYXfVQLdDUM
masmith-3;UDzOrfoPVPDet
dopatel;DQSujtPsHThKC
tephillips;@AcW@wYWUmVw4
brrose;SF1dzJy-1Y!-\92RLX\=rCuU]7fn\&>0
sajames-2;r3@d-THe-HOn3YTOK3n-d0C!tPZXw0vuGc
cataylor-2;NYJANH*jQ4OJN
puppet-66;rEPUlsIve-YEaR-De@d-wR3cK-COv3r
pacox;yMreGJWskbNGe
ruphillips-2;DonE-SyMpT0m4TiC-str3aM-SpooKY-FeARLESs
chsmith-2;PSeR1*p1CFZhY
azureuser-66;EfuDcakAgQNY1
derodraguez-2;WBP,-vlN1,IaU3%2qx6'290zV/,dJ[1e
rephillips;SN1Ff-V4GAbond-b1OT-r3ScUe-douDle
hosmith;ewEDbLoFWHTzH
recox-2;zNLNnhy3oXW3Z
jedavis;MZgYx4aZDmHGb
lojones;aMsgw1C3qZlQo
yekhan;!TCSvYzWxjuk1
grjackson;"9c\w2U""=n@/U7C*b>r=&Rirct5(?B6d#Y"
kabrown;"#!M'etHG+Emu&XONeq[6_Y-.u""N:BzAlP"
cojones;qxHydqDzDsYKU
medavies;NKpeND!CkySzE
jualexander-2;f@ke4dMin12
titaylor-2;:TB=sefoq7gKsRnk,Qhc5E]O%HVa.O(t#
pi-esjackson;p0S1TIOn-FU1L-c@1CuL4T3-QU1Lt-pRotecT1vE
jethomas;tr33-tH!Ck-gooD-DIST1NCT-!UNcHr00M
ansible-64;*mHDEA1kYIJvJ
sawilliams-4;1fdjYvZjKdnMt
jaclarke;ZmtkYN@vhKTvq
rakhan;t0w-T@bl3-oV@!-FROGS-S3creT1vE
tothomas;"y=,3euv""x<K>l*v-p]8<H/fMtj$Yzs<&7"
rarodraguez-2;SCR3Am-ScReECH1Ng-HOSpIt4b13-cook-m0M
varose;5(<[y:@B16r#:8[i[2+rzMCaI18Vi%<WA
dephillips;18,be9WD.Qfh*6H%MT-d3XST,^-Sd=IXz
cadavies-3;NPhmrzPSLvWWn
maphillips-2;8RT)9wBuj_5k_Jz(JxVj5y+gg1`iE?pM4
damason;&yZ^-cQ8Zqq_\Ss-q_alb(if)fF<qtf(
dejackson;pfUhssIzvCcSh
jetaylor;"*=XZcqu+nF==t/7\lII8th6Dnv8f9>""d"
kulewis;vhHP1dMFRGXxU
jewilson;D1amqb0NO0tcD
pealexander;>7R?Vt!ado7U%s\>7=W+4wqzMjQz5a^A
jajackson-3;YgEVhgzqfnzuq
madavis;rsx1m4gMn@c1A
ladavis;"<!iB*+u38.0)k@(X:IG4:[7mK""]nT(DT?"
oracle-30;cutE-bOUncY-ill-34rN-PUsH
casmith;)6u5:x<,3W3ew>frAg_?rSL30/pI^$iI
maclarke-2;sq3gmJpmhr!Y@
crclarke;uZ!ahDDlkZFUu
vagrant-lawilson;eFQYkcXcJjECI
fojones;!qnVTDKKqoxdz
amalexander;JT0HcC4Xkyy1S
clcox-2;AbSurD-dad-ACrid-oDEY-GRandMoTHEr
anphillips;3lnPOrYjWiXDV
gaphillips;4k3wCubb1KmRG
shbrown-2;hdjnfNVssTSJE
flkhan;a#'YUcGlu'IJ9C=llH=9EhI2m`]WY=-(
lotaylor;OO@gPEVEYiHZm
ftp-99;FP!*dordjydoX
kirose;bhdGHeMKXpK!!
aujackson;Q\PqoqaNsKCd>i>tnf@-SyxMwd+B9:J(@
dewilliams;"@""\z-L6UC>Y\Z%zCw[<NHk%*5c1q)z\e"
jawilson-2;inY3rQRFeEwKw
jajones;SMexx3UQM*YDj
kamitchell;MmkjkWkprUGRi
lemason;WSTdusCWTCVQf
elwilliams;+:MZNfiM>lxDN/T90.ke'l>*tK(sT@CyE
irroberts-2;R3ad-THE-hon3yT0KEN-dOCCMG*jEnwFIU
anwilson;hE4Vy-StreNgtHEN-spEC1aL-pROb4ble-afTermATH
sarose;mHf4rxZTCva3M
amjackson-2;t[JYFaF`-8E3\?*tV1kol)eZwfp9I##x
krmitchell;gvk*EChTdFbqW
padavies;"9SBz_Dt13^Hue&/OG!J""YNX*YWdoy)-&r"
mapatel-2;Tr1p-CrE@tor-c4pt!0N-@llURinG-CrAVEN
asali;TdLCOhLDzwupW
morose;7i%(74dtgB>ncJ?Rn6yNQZyp72V:1g#3
qujohnson;V@R!ous-US3FU1-m@DDeNing-moV3-uNSUitAb1e
mothomas;GaT3-M1Tten-MusClE-OmN1Sc!3Nt-cUrE
chalexander;"9]bQg""poAzFI->xe_,pJ9yZ%<Ch3Vl(S-"
mipatel-4;MJViuRwJvtjbj
kijames;PmnUmheZhS1VN
ferose;KNSKgMDRT@xwP
dorose;"Dz.[&IzpIKAaC[/=n?jnH%>/`y(@nt3""^"
lalewis;f@k3@dM!n12
deali;0*vDSt1!DdwLO
jojohnson;f@K3aDmIN12
diphillips;w1S3-sCIEnT!fIC-rET1re-to0ThSomE-RiGhT
kamason-2;H0n3Yp4sSw0RDd
coalexander;DWFoQtv4cCsfg
rarodraguez-3;Yrb!Czg1MGsZ1BwpkcS*c6(xe>#Pb:@ik
kerose;ZPCFb@flbzosS
mewilliams;R!gFVWwm3UczP
weroberts;vxDoRbmVu1EQx
titaylor;mZneGqNJUHNMS
prbrown;"]@KMBZm""S&E3N]Dd'jLR`W15xN[e_j[:"
clcox;kVjUcD!bb4Mbg
cljones;fteDz!rpsjrWH
yorose;bVSYvQXshcEgJ
grroberts;>1L19/[A[DXY.skrG9?5Y]Saehn4:Smu`
chrose;fOur-rEdUce-@pPAr4tus-N0rTH-stuRDy
syroberts;DVUNsxqkiMngY
keali;9yuq8Z>1U1^yf(\A_q`.\8w`(qo&O1U5q
krdavis;DrOWN-pOkE-SignAl-1ick-c0oL
rewilson;XxlA1F!1!JSJC
ellewis;OjRNTHMsAPQcq
padavis;xyqB=NN`tkj='D>$cD4<!c2)by=4/`l#2
shrodraguez;+)*#l(TVQ*QTl2Kgph=9CuOR,TSP9Bo-
stjames;1MeoNbSDAQxuH
test-79;THiSIsN0tah0neYt0kENsTZDYsv0
kephillips;roD!N-sTR1Ped-eggnog-dISasTrous-T4WdRy
trwilson;VDKwca0ny@XRq
drmason-2;zYqyhyZXKJkHD
elsmith;AaprqMPSdrQfR
detaylor-3;4Sk-eAr-peCK-wANdeRinG-KN0Wn
adpatel;vXKAWaggv1GkM
waroberts;gC*DtYZWqStPG
rolewis-3;Y!GPybqlDSn!g
aralexander-2;PVDMDkZlnRVap
marose-2;tHISiSn0Tah0nEytOkENhSFbJVqU
ftp-tobrown;niftY-Fi1e-3NTeR-ReasoN-eLitE
jedavis-3;TR4vel-Jellyfish-sUDsT@NCE-buTT3r-D3C0RATE
jopatel;GYDRywnurNccu
emjames;S*IDRYsN3t0jx
nimason-2;SKPbiUVzYzmdP
grroberts-2;(u&D>PDNO/[ay-5i'5*3,.17!oq>jn,_
lodavies;YHRHRyleatciU
phsmith;RA@>dHy,A8D<+,T<<?+zyvk82LkYON/0b
jomitchell;RE@D-th3-hoN3YT0kEn-DochNTTg*!pFYr
shdavis;MRUg<!ttuWqm#`&$OUL=gA7PJbC^@pR6r
rolewis-2;3dUCat!0N-m@sS1V3-GrOuP-CRY-!Mpu!se
krkhan;re4D-tHE-hoN3YTokEn-d0CEwYjhWbSYCL
isdavis;VH!rtWonrSPWr
cajohnson-2;@FQD4WxSyDI!G
remitchell;eDUcated-scen3-GRaD-DEgr3e-bIKEs
stpatel-2;RiVhWWCc@ZCuK
